region,province,municipality,registeredVoters,actualVoters,overVotes,underVotes
BARMM,BASILAN,AKBAR,7516,7128,792,7818
BARMM,BASILAN,AL-BARKA,5016,4183,444,31873
BARMM,BASILAN,CITY OF ISABELA,83477,54488,24012,232270
BARMM,BASILAN,CITY OF LAMITAN,50935,42760,13224,218215
BARMM,BASILAN,HADJI MOHAMMAD AJUL,19547,17083,288,160508
BARMM,BASILAN,LANTAWAN,20224,17277,3324,135552
BARMM,BASILAN,MALUSO,29575,23266,3372,191603
BARMM,BASILAN,SUMISIP,25002,21312,4248,145279
BARMM,BASILAN,TABUAN-LASA,16016,14416,960,97286
BARMM,BASILAN,TIPO-TIPO,10603,9455,372,60069
BARMM,BASILAN,TUBURAN,7512,6737,204,54797
BARMM,BASILAN,UNGKAYA PUKAN,11760,9574,804,64296
BARMM,LANAO DEL SUR,AMAI MANABILANG,5825,5610,2616,10233
BARMM,LANAO DEL SUR,BACOLOD-KALAWI,10713,8574,1308,62981
BARMM,LANAO DEL SUR,BALABAGAN,18459,18057,2916,23037
BARMM,LANAO DEL SUR,BALINDONG,18978,15542,3312,73649
BARMM,LANAO DEL SUR,BINIDAYAN,11170,8188,1464,51728
BARMM,LANAO DEL SUR,BUADIPOSO-BUNTONG,12178,9605,1008,79413
BARMM,LANAO DEL SUR,BUBONG,401,353,96,1140
BARMM,LANAO DEL SUR,BUTIG,2929,2026,204,15994
BARMM,LANAO DEL SUR,CALANOGAS,6991,6020,552,33926
BARMM,LANAO DEL SUR,CITY OF MARAWI,61239,50645,9852,304778
BARMM,LANAO DEL SUR,DITSAAN-RAMAIN,3865,3207,408,18471
BARMM,LANAO DEL SUR,GANASSI,789,588,24,3163
BARMM,LANAO DEL SUR,KAPAI,14161,13776,2124,34414
BARMM,LANAO DEL SUR,KAPATAGAN,12226,12055,3480,27466
BARMM,LANAO DEL SUR,LUMBA-BAYABAO,18038,15382,1548,127380
BARMM,LANAO DEL SUR,LUMBACA-UNAYAN,8991,5163,408,48925
BARMM,LANAO DEL SUR,LUMBATAN,2663,2412,228,21083
BARMM,LANAO DEL SUR,LUMBAYANAGUE,526,413,108,2963
BARMM,LANAO DEL SUR,MADALUM,12473,10561,1416,60964
BARMM,LANAO DEL SUR,MADAMBA,3466,3305,732,10086
BARMM,LANAO DEL SUR,MALABANG,29207,25133,4056,130031
BARMM,LANAO DEL SUR,MARANTAO,34899,26711,4536,191211
BARMM,LANAO DEL SUR,MAROGONG,7057,4719,504,33640
BARMM,LANAO DEL SUR,MASIU,17664,13486,1284,110320
BARMM,LANAO DEL SUR,MULONDO,7719,5841,696,38349
BARMM,LANAO DEL SUR,PIAGAPO,15190,13086,1752,89418
BARMM,LANAO DEL SUR,PICONG,11226,10786,3672,17513
BARMM,LANAO DEL SUR,POONA BAYABAO,8683,6127,1104,39012
BARMM,LANAO DEL SUR,PUALAS,13630,9069,792,79841
BARMM,LANAO DEL SUR,SAGUIARAN,11302,9357,1464,67290
BARMM,LANAO DEL SUR,TAMPARAN,19336,16469,1836,111228
BARMM,LANAO DEL SUR,TARAKA,14031,10018,2628,59986
BARMM,LANAO DEL SUR,TUBARAN,6367,4283,540,35982
BARMM,LANAO DEL SUR,TUGAYA,14795,12264,996,100520
BARMM,LANAO DEL SUR,WAO,35606,28888,9276,118870
BARMM,MAGUINDANAO DEL NORTE,BARIRA,4212,3953,240,16944
BARMM,MAGUINDANAO DEL NORTE,BULDON,2445,2077,156,14120
BARMM,MAGUINDANAO DEL NORTE,CITY OF COTABATO,135999,89673,32328,395846
BARMM,MAGUINDANAO DEL NORTE,DATU BLAH T. SINSUAT,12965,11982,2784,32091
BARMM,MAGUINDANAO DEL NORTE,DATU ODIN SINSUAT,82586,31892,14904,156383
BARMM,MAGUINDANAO DEL NORTE,KABUNTALAN,12077,11609,4572,34135
BARMM,MAGUINDANAO DEL NORTE,MATANOG,19677,16747,840,114945
BARMM,MAGUINDANAO DEL NORTE,NORTHERN KABUNTALAN,12951,9127,972,68886
BARMM,MAGUINDANAO DEL NORTE,PARANG,60367,48119,7452,262247
BARMM,MAGUINDANAO DEL NORTE,SULTAN KUDARAT,61304,57684,14688,331554
BARMM,MAGUINDANAO DEL NORTE,SULTAN MASTURA,21858,15564,4104,85432
BARMM,MAGUINDANAO DEL NORTE,TALITAY,16999,12492,1164,121516
BARMM,MAGUINDANAO DEL NORTE,UPI,47060,31135,10308,142563
BARMM,MAGUINDANAO DEL SUR,AMPATUAN,22810,18531,3732,115762
BARMM,MAGUINDANAO DEL SUR,BULUAN,24078,13837,3036,98030
BARMM,MAGUINDANAO DEL SUR,DATU ABDULLAH SANGKI,33228,31842,7872,128868
BARMM,MAGUINDANAO DEL SUR,DATU ANGGAL MIDTIMBANG,17498,17189,9576,35544
BARMM,MAGUINDANAO DEL SUR,DATU HOFFER AMPATUAN,11170,10087,2928,62190
BARMM,MAGUINDANAO DEL SUR,DATU PAGLAS,24932,16892,5448,116748
BARMM,MAGUINDANAO DEL SUR,DATU PIANG,18429,8897,2868,61128
BARMM,MAGUINDANAO DEL SUR,DATU SALIBO,10438,4677,816,41942
BARMM,MAGUINDANAO DEL SUR,DATU SAUDI AMPATUAN,20573,15309,1548,127384
BARMM,MAGUINDANAO DEL SUR,DATU UNSAY,11012,10195,6840,28441
BARMM,MAGUINDANAO DEL SUR,GEN. S. K. PENDATUN,21326,19644,3024,130332
BARMM,MAGUINDANAO DEL SUR,GUINDULUNGAN,13547,11583,924,104841
BARMM,MAGUINDANAO DEL SUR,MAMASAPANO,16248,15144,4212,95933
BARMM,MAGUINDANAO DEL SUR,MANGUDADATU,12992,12310,3660,50949
BARMM,MAGUINDANAO DEL SUR,PAGAGAWAN,21472,19089,1968,141806
BARMM,MAGUINDANAO DEL SUR,PAGALUNGAN,28609,23784,3876,127350
BARMM,MAGUINDANAO DEL SUR,PAGLAT,11638,8104,1764,65656
BARMM,MAGUINDANAO DEL SUR,PANDAG,16226,9067,1080,78029
BARMM,MAGUINDANAO DEL SUR,RAJAH BUAYAN,14731,10082,1236,81604
BARMM,MAGUINDANAO DEL SUR,SHARIFF AGUAK,17711,16812,2544,110680
BARMM,MAGUINDANAO DEL SUR,SHARIFF SAYDONA MUSTAPHA,10288,9775,2904,58300
BARMM,MAGUINDANAO DEL SUR,SOUTH UPI,31886,19102,5784,111081
BARMM,MAGUINDANAO DEL SUR,SULTAN SA BARONGIS,8302,5635,1740,41024
BARMM,MAGUINDANAO DEL SUR,TALAYAN,18561,18216,5352,76434
BARMM,SPECIAL GEOGRAPHIC AREA,KADAYANGAN,11244,8457,1332,48251
BARMM,SPECIAL GEOGRAPHIC AREA,KAPALAWAN,16794,12718,1236,85913
BARMM,SPECIAL GEOGRAPHIC AREA,LIGAWASAN,19167,17598,5256,47712
BARMM,SPECIAL GEOGRAPHIC AREA,MALIDEGAO,19242,11762,2688,82662
BARMM,SPECIAL GEOGRAPHIC AREA,NABALAWAG,12714,9513,1488,64994
BARMM,SPECIAL GEOGRAPHIC AREA,OLD KAABAKAN,2989,2424,192,19933
BARMM,SPECIAL GEOGRAPHIC AREA,PAHAMUDDIN,12659,11027,1584,88241
BARMM,SPECIAL GEOGRAPHIC AREA,TUGUNAN,11750,6991,708,54690
BARMM,TAWI-TAWI,BONGAO,68987,53034,16800,253081
BARMM,TAWI-TAWI,LANGUYAN,21892,20749,6048,52200
BARMM,TAWI-TAWI,MAPUN,19238,14477,2688,107808
BARMM,TAWI-TAWI,PANGLIMA SUGALA,19493,12925,2928,97706
BARMM,TAWI-TAWI,SAPA-SAPA,22022,21566,2328,158751
BARMM,TAWI-TAWI,SIBUTU,19100,14762,3612,113384
BARMM,TAWI-TAWI,SIMUNUL,9169,7270,636,61096
BARMM,TAWI-TAWI,SITANGKAI,27418,17760,3120,156790
BARMM,TAWI-TAWI,SOUTH UBIAN,15199,13796,1872,102875
BARMM,TAWI-TAWI,TANDUBAS,14850,11900,984,108687
BARMM,TAWI-TAWI,TURTLE ISLANDS,8734,6432,456,58562
CORDILLERA ADMINISTRATIVE REGION,ABRA,BANGUED,35227,32605,6516,169371
CORDILLERA ADMINISTRATIVE REGION,ABRA,BOLINEY,3011,2907,612,17542
CORDILLERA ADMINISTRATIVE REGION,ABRA,BUCAY,14842,13852,1404,66198
CORDILLERA ADMINISTRATIVE REGION,ABRA,BUCLOC,2064,1948,336,10250
CORDILLERA ADMINISTRATIVE REGION,ABRA,DAGUIOMAN,1454,1349,336,6763
CORDILLERA ADMINISTRATIVE REGION,ABRA,DANGLAS,3740,3352,36,13111
CORDILLERA ADMINISTRATIVE REGION,ABRA,DOLORES,9461,8390,960,48546
CORDILLERA ADMINISTRATIVE REGION,ABRA,LA PAZ,11500,11152,432,37357
CORDILLERA ADMINISTRATIVE REGION,ABRA,LACUB,3819,3422,276,21913
CORDILLERA ADMINISTRATIVE REGION,ABRA,LAGANGILANG,11101,9552,1428,55750
CORDILLERA ADMINISTRATIVE REGION,ABRA,LAGAYAN,3510,3181,228,21786
CORDILLERA ADMINISTRATIVE REGION,ABRA,LANGIDEN,2750,2414,60,11545
CORDILLERA ADMINISTRATIVE REGION,ABRA,LICUAN-BAAY,4045,3451,696,21567
CORDILLERA ADMINISTRATIVE REGION,ABRA,LUBA,4928,4590,768,26143
CORDILLERA ADMINISTRATIVE REGION,ABRA,MALIBCONG,2625,2398,612,13166
CORDILLERA ADMINISTRATIVE REGION,ABRA,MANABO,8077,7270,1584,38221
CORDILLERA ADMINISTRATIVE REGION,ABRA,PEÑARRUBIA,5145,4536,624,26318
CORDILLERA ADMINISTRATIVE REGION,ABRA,PIDIGAN,9613,8901,984,52237
CORDILLERA ADMINISTRATIVE REGION,ABRA,PILAR,8086,7517,1056,46057
CORDILLERA ADMINISTRATIVE REGION,ABRA,SALLAPADAN,5503,5036,876,28475
CORDILLERA ADMINISTRATIVE REGION,ABRA,SAN ISIDRO,3461,3192,324,22652
CORDILLERA ADMINISTRATIVE REGION,ABRA,SAN JUAN,7750,6991,876,42290
CORDILLERA ADMINISTRATIVE REGION,ABRA,SAN QUINTIN,4582,4220,552,28174
CORDILLERA ADMINISTRATIVE REGION,ABRA,TAYUM,10468,9602,864,56143
CORDILLERA ADMINISTRATIVE REGION,ABRA,TINEG,3074,2750,228,19408
CORDILLERA ADMINISTRATIVE REGION,ABRA,TUBO,3956,3655,504,16754
CORDILLERA ADMINISTRATIVE REGION,ABRA,VILLAVICIOSA,4302,3971,780,20582
CORDILLERA ADMINISTRATIVE REGION,APAYAO,CALANASAN,9061,7821,1836,42943
CORDILLERA ADMINISTRATIVE REGION,APAYAO,CONNER,18566,16272,3444,100023
CORDILLERA ADMINISTRATIVE REGION,APAYAO,FLORA,11855,10310,1944,59449
CORDILLERA ADMINISTRATIVE REGION,APAYAO,KABUGAO,12081,9975,2628,49396
CORDILLERA ADMINISTRATIVE REGION,APAYAO,LUNA,12891,11633,2580,59469
CORDILLERA ADMINISTRATIVE REGION,APAYAO,PUDTOL,10316,9002,1824,48274
CORDILLERA ADMINISTRATIVE REGION,APAYAO,SANTA MARCELA,8671,7535,1788,41121
CORDILLERA ADMINISTRATIVE REGION,BENGUET,ATOK,11688,10092,1056,63464
CORDILLERA ADMINISTRATIVE REGION,BENGUET,BAKUN,10384,9139,1104,53990
CORDILLERA ADMINISTRATIVE REGION,BENGUET,BOKOD,10621,9441,984,51319
CORDILLERA ADMINISTRATIVE REGION,BENGUET,BUGUIAS,25076,21681,2724,119503
CORDILLERA ADMINISTRATIVE REGION,BENGUET,CITY OF BAGUIO,166416,132141,36036,364318
CORDILLERA ADMINISTRATIVE REGION,BENGUET,ITOGON,33361,28309,5736,131817
CORDILLERA ADMINISTRATIVE REGION,BENGUET,KABAYAN,10506,9324,804,54962
CORDILLERA ADMINISTRATIVE REGION,BENGUET,KAPANGAN,14929,11910,948,80353
CORDILLERA ADMINISTRATIVE REGION,BENGUET,KIBUNGAN,10731,9337,1236,57889
CORDILLERA ADMINISTRATIVE REGION,BENGUET,LA TRINIDAD,54087,43815,8976,168194
CORDILLERA ADMINISTRATIVE REGION,BENGUET,MANKAYAN,21442,18552,2664,99196
CORDILLERA ADMINISTRATIVE REGION,BENGUET,SABLAN,8088,6833,864,43103
CORDILLERA ADMINISTRATIVE REGION,BENGUET,TUBA,26532,21923,4032,103826
CORDILLERA ADMINISTRATIVE REGION,BENGUET,TUBLAY,12284,10571,1116,62186
CORDILLERA ADMINISTRATIVE REGION,IFUGAO,AGUINALDO,12881,12056,1908,71059
CORDILLERA ADMINISTRATIVE REGION,IFUGAO,ALFONSO LISTA,21377,18868,3384,93447
CORDILLERA ADMINISTRATIVE REGION,IFUGAO,ASIPULO,8312,7520,1308,33666
CORDILLERA ADMINISTRATIVE REGION,IFUGAO,BANAUE,15487,12705,2976,41270
CORDILLERA ADMINISTRATIVE REGION,IFUGAO,HINGYON,7772,6527,1140,28402
CORDILLERA ADMINISTRATIVE REGION,IFUGAO,HUNGDUAN,6223,5372,1212,20761
CORDILLERA ADMINISTRATIVE REGION,IFUGAO,KIANGAN,12488,9697,1932,44229
CORDILLERA ADMINISTRATIVE REGION,IFUGAO,LAGAWE,13775,11954,2292,46310
CORDILLERA ADMINISTRATIVE REGION,IFUGAO,LAMUT,18352,15737,3444,64000
CORDILLERA ADMINISTRATIVE REGION,IFUGAO,MAYOYAO,8159,7414,1356,31392
CORDILLERA ADMINISTRATIVE REGION,IFUGAO,TINOC,11492,9985,1680,42680
CORDILLERA ADMINISTRATIVE REGION,KALINGA,BALBALAN,9361,8442,2424,40836
CORDILLERA ADMINISTRATIVE REGION,KALINGA,CITY OF TABUK,74572,65210,17244,320122
CORDILLERA ADMINISTRATIVE REGION,KALINGA,LUBUAGAN,9890,9002,2040,54785
CORDILLERA ADMINISTRATIVE REGION,KALINGA,PASIL,7592,6900,1476,38690
CORDILLERA ADMINISTRATIVE REGION,KALINGA,PINUKPUK,21564,18727,4368,120578
CORDILLERA ADMINISTRATIVE REGION,KALINGA,RIZAL,14299,12617,3048,70862
CORDILLERA ADMINISTRATIVE REGION,KALINGA,TANUDAN,10017,8636,2472,37224
CORDILLERA ADMINISTRATIVE REGION,KALINGA,TINGLAYAN,11260,11020,1956,57024
CORDILLERA ADMINISTRATIVE REGION,MOUNTAIN PROVINCE,BARLIG,4352,3558,420,17446
CORDILLERA ADMINISTRATIVE REGION,MOUNTAIN PROVINCE,BAUKO,26811,20395,3456,98161
CORDILLERA ADMINISTRATIVE REGION,MOUNTAIN PROVINCE,BESAO,6277,4687,684,26363
CORDILLERA ADMINISTRATIVE REGION,MOUNTAIN PROVINCE,BONTOC,16723,14509,2160,78756
CORDILLERA ADMINISTRATIVE REGION,MOUNTAIN PROVINCE,NATONIN,8674,6972,1344,38666
CORDILLERA ADMINISTRATIVE REGION,MOUNTAIN PROVINCE,PARACELIS,21392,17893,3948,91963
CORDILLERA ADMINISTRATIVE REGION,MOUNTAIN PROVINCE,SABANGAN,8808,6884,840,38925
CORDILLERA ADMINISTRATIVE REGION,MOUNTAIN PROVINCE,SADANGA,6363,5464,1044,25730
CORDILLERA ADMINISTRATIVE REGION,MOUNTAIN PROVINCE,SAGADA,9030,7751,1044,45592
CORDILLERA ADMINISTRATIVE REGION,MOUNTAIN PROVINCE,TADIAN,12340,10511,1596,54013
LAV,LAV,LAV,100000,52067,9336,108064
NATIONAL CAPITAL REGION,NATIONAL CAPITAL REGION - FOURTH DISTRICT,CITY OF LAS PIÑAS,318542,255455,98784,517217
NATIONAL CAPITAL REGION,NATIONAL CAPITAL REGION - FOURTH DISTRICT,CITY OF MAKATI,270240,210052,63084,509972
NATIONAL CAPITAL REGION,NATIONAL CAPITAL REGION - FOURTH DISTRICT,CITY OF MUNTINLUPA,314934,250672,93972,589100
NATIONAL CAPITAL REGION,NATIONAL CAPITAL REGION - FOURTH DISTRICT,CITY OF PARAÑAQUE,353274,278341,100116,646393
NATIONAL CAPITAL REGION,NATIONAL CAPITAL REGION - FOURTH DISTRICT,CITY OF TAGUIG,680554,537093,217440,1103300
NATIONAL CAPITAL REGION,NATIONAL CAPITAL REGION - FOURTH DISTRICT,PASAY CITY,292695,228150,79608,569769
NATIONAL CAPITAL REGION,NATIONAL CAPITAL REGION - FOURTH DISTRICT,PATEROS,37830,30560,8580,80265
NATIONAL CAPITAL REGION,NATIONAL CAPITAL REGION - MANILA,CITY OF MANILA,1141353,928986,311268,2315067
NATIONAL CAPITAL REGION,NATIONAL CAPITAL REGION - SECOND DISTRICT,CITY OF MANDALUYONG,223624,171240,58056,451379
NATIONAL CAPITAL REGION,NATIONAL CAPITAL REGION - SECOND DISTRICT,CITY OF MARIKINA,315980,258466,87816,551697
NATIONAL CAPITAL REGION,NATIONAL CAPITAL REGION - SECOND DISTRICT,CITY OF PASIG,463885,386057,126180,865326
NATIONAL CAPITAL REGION,NATIONAL CAPITAL REGION - SECOND DISTRICT,CITY OF SAN JUAN,100639,70809,22668,160279
NATIONAL CAPITAL REGION,NATIONAL CAPITAL REGION - SECOND DISTRICT,QUEZON CITY,1454411,1150562,365232,2729301
NATIONAL CAPITAL REGION,NATIONAL CAPITAL REGION - THIRD DISTRICT,CITY OF CALOOCAN,765249,606202,235404,1248537
NATIONAL CAPITAL REGION,NATIONAL CAPITAL REGION - THIRD DISTRICT,CITY OF MALABON,233868,194152,72492,489714
NATIONAL CAPITAL REGION,NATIONAL CAPITAL REGION - THIRD DISTRICT,CITY OF NAVOTAS,157065,129274,63660,317107
NATIONAL CAPITAL REGION,NATIONAL CAPITAL REGION - THIRD DISTRICT,CITY OF VALENZUELA,438556,353937,135276,850482
NIR,NEGROS OCCIDENTAL,BINALBAGAN,45508,38534,12216,207034
NIR,NEGROS OCCIDENTAL,CALATRAVA,53559,43164,18960,225890
NIR,NEGROS OCCIDENTAL,CANDONI,16457,13782,2760,101571
NIR,NEGROS OCCIDENTAL,CAUAYAN,59953,45983,13404,281223
NIR,NEGROS OCCIDENTAL,CITY OF BACOLOD,355880,309413,139572,1170954
NIR,NEGROS OCCIDENTAL,CITY OF BAGO,103138,89078,36036,419330
NIR,NEGROS OCCIDENTAL,CITY OF CADIZ,93336,72037,35232,344314
NIR,NEGROS OCCIDENTAL,CITY OF ESCALANTE,64099,51974,18804,292948
NIR,NEGROS OCCIDENTAL,CITY OF HIMAMAYLAN,77802,64964,24012,377696
NIR,NEGROS OCCIDENTAL,CITY OF KABANKALAN,110588,96234,29916,533777
NIR,NEGROS OCCIDENTAL,CITY OF LA CARLOTA,45451,39699,11604,211648
NIR,NEGROS OCCIDENTAL,CITY OF SAGAY,85162,65497,31596,244707
NIR,NEGROS OCCIDENTAL,CITY OF SAN CARLOS,87107,74941,38952,341895
NIR,NEGROS OCCIDENTAL,CITY OF SILAY,90213,78297,26688,416825
NIR,NEGROS OCCIDENTAL,CITY OF SIPALAY,48864,36273,14100,196834
NIR,NEGROS OCCIDENTAL,CITY OF TALISAY,68472,60124,20736,277523
NIR,NEGROS OCCIDENTAL,CITY OF VICTORIAS,60576,47134,17820,213251
NIR,NEGROS OCCIDENTAL,ENRIQUE B. MAGALONA,41465,35326,12600,181662
NIR,NEGROS OCCIDENTAL,HINIGARAN,55682,48960,16776,248686
NIR,NEGROS OCCIDENTAL,HINOBA-AN,38857,30437,9348,175509
NIR,NEGROS OCCIDENTAL,ILOG,35498,29831,9288,163926
NIR,NEGROS OCCIDENTAL,ISABELA,42760,37570,10968,224603
NIR,NEGROS OCCIDENTAL,LA CASTELLANA,51604,41523,15216,209158
NIR,NEGROS OCCIDENTAL,MANAPLA,33709,28764,7836,175048
NIR,NEGROS OCCIDENTAL,MOISES PADILLA,27877,23849,6396,149513
NIR,NEGROS OCCIDENTAL,MURCIA,56755,47215,16944,247335
NIR,NEGROS OCCIDENTAL,PONTEVEDRA,33931,29069,9180,148599
NIR,NEGROS OCCIDENTAL,PULUPANDAN,18028,15737,4764,66189
NIR,NEGROS OCCIDENTAL,SALVADOR BENEDICTO,20020,17432,5184,112486
NIR,NEGROS OCCIDENTAL,SAN ENRIQUE,19701,17418,4212,97879
NIR,NEGROS OCCIDENTAL,TOBOSO,32623,25886,7488,172604
NIR,NEGROS OCCIDENTAL,VALLADOLID,27057,22900,6000,118670
NIR,NEGROS ORIENTAL,AMLAN,18847,16758,4272,88668
NIR,NEGROS ORIENTAL,AYUNGON,32173,27600,8484,181529
NIR,NEGROS ORIENTAL,BACONG,26327,23117,7248,121740
NIR,NEGROS ORIENTAL,BASAY,22235,17746,6396,108067
NIR,NEGROS ORIENTAL,BINDOY,26822,23579,7440,166063
NIR,NEGROS ORIENTAL,CITY OF BAIS,62996,54424,15096,364422
NIR,NEGROS ORIENTAL,CITY OF BAYAWAN,85440,64568,29196,355926
NIR,NEGROS ORIENTAL,CITY OF CANLAON,37690,32709,11976,182946
NIR,NEGROS ORIENTAL,CITY OF DUMAGUETE,93721,79134,32040,269512
NIR,NEGROS ORIENTAL,CITY OF GUIHULNGAN,64345,55343,16764,385377
NIR,NEGROS ORIENTAL,CITY OF TANJAY,59821,52339,13656,294739
NIR,NEGROS ORIENTAL,DAUIN,22121,19369,4860,100518
NIR,NEGROS ORIENTAL,JIMALALUD,22038,19793,4056,154655
NIR,NEGROS ORIENTAL,LA LIBERTAD,27347,23437,4908,171015
NIR,NEGROS ORIENTAL,MABINAY,54133,46158,17448,287134
NIR,NEGROS ORIENTAL,MANJUYOD,30106,26345,6444,179557
NIR,NEGROS ORIENTAL,PAMPLONA,30666,25871,5964,170638
NIR,NEGROS ORIENTAL,SAN JOSE,16693,15270,2832,93145
NIR,NEGROS ORIENTAL,SANTA CATALINA,49144,39669,14232,253014
NIR,NEGROS ORIENTAL,SIATON,55022,48626,12084,332091
NIR,NEGROS ORIENTAL,SIBULAN,37535,31745,9516,141532
NIR,NEGROS ORIENTAL,TAYASAN,25498,22041,5652,162682
NIR,NEGROS ORIENTAL,VALENCIA,27828,24820,6024,127091
NIR,NEGROS ORIENTAL,VALLEHERMOSO,25245,21617,3612,126632
NIR,NEGROS ORIENTAL,ZAMBOANGUITA,20790,18474,4536,115393
NIR,SIQUIJOR,ENRIQUE VILLANUEVA,6035,5549,1020,31556
NIR,SIQUIJOR,LARENA,11960,10899,2868,52892
NIR,SIQUIJOR,LAZI,16021,14787,4992,82093
NIR,SIQUIJOR,MARIA,11532,10534,1740,59464
NIR,SIQUIJOR,SAN JUAN,12640,11600,3432,64529
NIR,SIQUIJOR,SIQUIJOR,22094,20358,6780,97152
OAV,ASIA PACIFIC,AUSTRALIA,19466,3206,0,5711
OAV,ASIA PACIFIC,BANGLADESH,911,249,0,546
OAV,ASIA PACIFIC,BRUNEI,6167,1692,0,3191
OAV,ASIA PACIFIC,CAMBODIA,2681,846,0,2053
OAV,ASIA PACIFIC,CHINA,3809,1082,144,2262
OAV,ASIA PACIFIC,HONG KONG,94295,31637,0,85078
OAV,ASIA PACIFIC,INDIA,373,84,0,173
OAV,ASIA PACIFIC,INDONESIA,2645,792,0,1758
OAV,ASIA PACIFIC,JAPAN,56331,5699,0,13973
OAV,ASIA PACIFIC,LAOS,900,328,0,732
OAV,ASIA PACIFIC,MALAYSIA,9669,2747,0,5803
OAV,ASIA PACIFIC,MYANMAR,370,144,24,252
OAV,ASIA PACIFIC,NEW ZEALAND,23813,2277,0,5576
OAV,ASIA PACIFIC,PAKISTAN,607,216,0,379
OAV,ASIA PACIFIC,PAPUA NEW GUINEA,2991,1314,276,2129
OAV,ASIA PACIFIC,SINGAPORE,67877,21976,0,45283
OAV,ASIA PACIFIC,SOUTH KOREA,8846,1987,0,5010
OAV,ASIA PACIFIC,TAIWAN,71009,12978,0,34276
OAV,ASIA PACIFIC,THAILAND,8203,2609,0,6335
OAV,ASIA PACIFIC,TIMOR-LESTE,554,277,0,645
OAV,ASIA PACIFIC,VIETNAM,1875,476,0,1057
OAV,EUROPE,AUSTRIA,2520,489,0,983
OAV,EUROPE,BELGUIM,2445,730,0,1500
OAV,EUROPE,CZECH REPUBLIC,1776,500,0,1123
OAV,EUROPE,DENMARK,1210,399,0,985
OAV,EUROPE,FRANCE,6524,1658,0,3963
OAV,EUROPE,GERMANY,8217,2480,0,5088
OAV,EUROPE,GREECE,6012,1339,0,3207
OAV,EUROPE,HOLY SEE,492,169,0,466
OAV,EUROPE,HUNGARY,1115,343,0,720
OAV,EUROPE,ITALY,39415,5950,0,16461
OAV,EUROPE,NORWAY,1553,199,0,499
OAV,EUROPE,POLAND,2859,893,0,1774
OAV,EUROPE,PORTUGAL,1835,395,0,813
OAV,EUROPE,SPAIN,23909,4856,0,12535
OAV,EUROPE,SWEDEN,2963,610,0,1076
OAV,EUROPE,SWITZERLAND,4160,1422,0,2948
OAV,EUROPE,THE NETHERLANDS,2706,516,0,991
OAV,EUROPE,TÜRKIYE,2832,862,108,1469
OAV,EUROPE,UNITED KINGDOM OF GREAT BRITAIN,30688,4151,0,7802
OAV,MIDDLE EAST AND AFRICAS,BAHRAIN,22451,4554,0,8248
OAV,MIDDLE EAST AND AFRICAS,EGYPT,1931,314,0,623
OAV,MIDDLE EAST AND AFRICAS,ISRAEL,10452,3397,0,7243
OAV,MIDDLE EAST AND AFRICAS,JORDAN,4003,860,0,1517
OAV,MIDDLE EAST AND AFRICAS,KENYA,648,170,0,327
OAV,MIDDLE EAST AND AFRICAS,KUWAIT,36046,7323,0,11941
OAV,MIDDLE EAST AND AFRICAS,LEBANON,6103,1918,0,4065
OAV,MIDDLE EAST AND AFRICAS,LIBYA,541,339,84,486
OAV,MIDDLE EAST AND AFRICAS,MOROCCO,861,178,0,413
OAV,MIDDLE EAST AND AFRICAS,NIGERIA,1021,367,132,567
OAV,MIDDLE EAST AND AFRICAS,OMAN,15247,2314,0,5157
OAV,MIDDLE EAST AND AFRICAS,QATAR,31922,10418,0,19959
OAV,MIDDLE EAST AND AFRICAS,SAUDI ARABIA,130735,17882,0,35086
OAV,MIDDLE EAST AND AFRICAS,SOUTH AFRICA,1272,360,0,777
OAV,MIDDLE EAST AND AFRICAS,UNITED ARAB EMIRATES,189892,37976,0,86996
OAV,NORTH AND LATIN AMERICAS,ARGENTINA,208,78,0,134
OAV,NORTH AND LATIN AMERICAS,BRAZIL,1088,231,0,745
OAV,NORTH AND LATIN AMERICAS,CANADA,67873,7912,0,15557
OAV,NORTH AND LATIN AMERICAS,CHILE,883,378,0,1007
OAV,NORTH AND LATIN AMERICAS,MEXICO,844,235,0,459
OAV,NORTH AND LATIN AMERICAS,UNITED STATES OF AMERICA,188519,9806,0,20978
REGION I,ILOCOS NORTE,ADAMS,1952,1755,120,14125
REGION I,ILOCOS NORTE,BACARRA,22671,19879,3156,130655
REGION I,ILOCOS NORTE,BADOC,22844,20860,3096,152947
REGION I,ILOCOS NORTE,BANGUI,11403,10275,1500,68959
REGION I,ILOCOS NORTE,BANNA,13118,11636,1248,99751
REGION I,ILOCOS NORTE,BURGOS,8114,7024,864,49650
REGION I,ILOCOS NORTE,CARASI,1421,1309,228,10263
REGION I,ILOCOS NORTE,CITY OF BATAC,40096,36469,4548,259771
REGION I,ILOCOS NORTE,CITY OF LAOAG,82688,72257,15168,413349
REGION I,ILOCOS NORTE,CURRIMAO,10473,9482,1080,72832
REGION I,ILOCOS NORTE,DINGRAS,26583,23609,3132,183403
REGION I,ILOCOS NORTE,DUMALNEG,2177,1904,228,12358
REGION I,ILOCOS NORTE,MARCOS,12974,11490,1152,90066
REGION I,ILOCOS NORTE,NUEVA ERA,6261,5565,180,53788
REGION I,ILOCOS NORTE,PAGUDPUD,19875,18017,3540,114206
REGION I,ILOCOS NORTE,PAOAY,17720,16115,2160,120840
REGION I,ILOCOS NORTE,PASUQUIN,22389,19603,2592,133481
REGION I,ILOCOS NORTE,PIDDIG,15534,13870,2316,88974
REGION I,ILOCOS NORTE,PINILI,12733,11471,960,93772
REGION I,ILOCOS NORTE,SAN NICOLAS,26471,23636,3684,163145
REGION I,ILOCOS NORTE,SARRAT,18042,16108,2076,111875
REGION I,ILOCOS NORTE,SOLSONA,18043,15765,2208,112711
REGION I,ILOCOS NORTE,VINTAR,22505,19858,2760,143134
REGION I,ILOCOS SUR,ALILEM,4957,4527,924,23640
REGION I,ILOCOS SUR,BANAYOYO,6540,5986,492,42527
REGION I,ILOCOS SUR,BANTAY,22181,19129,4308,104302
REGION I,ILOCOS SUR,BURGOS,9023,8024,648,54630
REGION I,ILOCOS SUR,CABUGAO,28479,25081,2916,174137
REGION I,ILOCOS SUR,CAOAYAN,14324,12783,2604,68605
REGION I,ILOCOS SUR,CERVANTES,12342,10984,1644,72044
REGION I,ILOCOS SUR,CITY OF CANDON,39382,34990,5808,200362
REGION I,ILOCOS SUR,CITY OF VIGAN,35171,30465,6000,162648
REGION I,ILOCOS SUR,GALIMUYOD,7458,6689,1056,39754
REGION I,ILOCOS SUR,GREGORIO DEL PILAR,3375,3127,504,19900
REGION I,ILOCOS SUR,LIDLIDDA,3742,3353,444,22434
REGION I,ILOCOS SUR,MAGSINGAL,21030,18219,4296,111607
REGION I,ILOCOS SUR,NAGBUKEL,4026,3659,372,28025
REGION I,ILOCOS SUR,NARVACAN,31745,28191,4668,174217
REGION I,ILOCOS SUR,QUIRINO,7101,6566,1020,40815
REGION I,ILOCOS SUR,SALCEDO,8023,7005,924,46009
REGION I,ILOCOS SUR,SAN EMILIO,5545,4967,768,32907
REGION I,ILOCOS SUR,SAN ESTEBAN,6293,5674,660,39817
REGION I,ILOCOS SUR,SAN ILDEFONSO,6198,5535,660,36638
REGION I,ILOCOS SUR,SAN JUAN,18337,15733,3264,98598
REGION I,ILOCOS SUR,SAN VICENTE,9288,8447,1464,48492
REGION I,ILOCOS SUR,SANTA,10477,8966,1140,53579
REGION I,ILOCOS SUR,SANTA CATALINA,11320,10294,1200,68039
REGION I,ILOCOS SUR,SANTA CRUZ,26840,23505,5136,124392
REGION I,ILOCOS SUR,SANTA LUCIA,17621,15494,3036,87511
REGION I,ILOCOS SUR,SANTA MARIA,21044,18913,3504,120341
REGION I,ILOCOS SUR,SANTIAGO,13984,12750,2016,86717
REGION I,ILOCOS SUR,SANTO DOMINGO,20229,18711,2844,123642
REGION I,ILOCOS SUR,SIGAY,2106,1896,228,12661
REGION I,ILOCOS SUR,SINAIT,19204,17090,3084,103454
REGION I,ILOCOS SUR,SUGPON,2772,2577,528,14829
REGION I,ILOCOS SUR,SUYO,7639,6700,1140,38514
REGION I,ILOCOS SUR,TAGUDIN,29437,26525,4512,156119
REGION I,LA UNION,AGOO,46655,41670,12816,153208
REGION I,LA UNION,ARINGAY,33420,29324,5772,137367
REGION I,LA UNION,BACNOTAN,27733,24658,5268,122096
REGION I,LA UNION,BAGULIN,9942,8889,1248,56930
REGION I,LA UNION,BALAOAN,27048,23794,3912,141862
REGION I,LA UNION,BANGAR,23240,20508,5028,101546
REGION I,LA UNION,BAUANG,55955,45671,11076,207320
REGION I,LA UNION,BURGOS,6788,5990,816,37102
REGION I,LA UNION,CABA,17969,16249,3372,91595
REGION I,LA UNION,CITY OF SAN FERNANDO,77490,67975,16944,303557
REGION I,LA UNION,LUNA,25764,22672,4896,124730
REGION I,LA UNION,NAGUILIAN,36646,32323,5976,182223
REGION I,LA UNION,PUGO,14805,13383,2352,72663
REGION I,LA UNION,ROSARIO,38187,33450,7944,143531
REGION I,LA UNION,SAN GABRIEL,13308,11833,2292,69858
REGION I,LA UNION,SAN JUAN,27224,24536,4044,130741
REGION I,LA UNION,SANTO TOMAS,27186,23999,4512,125742
REGION I,LA UNION,SANTOL,9689,8799,804,71470
REGION I,LA UNION,SUDIPEN,13455,12033,1836,76606
REGION I,LA UNION,TUBAO,20457,18098,3564,90791
REGION I,PANGASINAN,AGNO,21085,18797,5832,98515
REGION I,PANGASINAN,AGUILAR,31030,27370,9396,120637
REGION I,PANGASINAN,ALCALA,31431,26916,8160,125662
REGION I,PANGASINAN,ANDA,26786,21699,7668,87916
REGION I,PANGASINAN,ASINGAN,40713,36153,10008,173548
REGION I,PANGASINAN,BALUNGAO,21533,19299,5712,91885
REGION I,PANGASINAN,BANI,32440,27277,8628,115341
REGION I,PANGASINAN,BASISTA,26433,23123,9072,90659
REGION I,PANGASINAN,BAUTISTA,22909,19960,7164,86543
REGION I,PANGASINAN,BAYAMBANG,85383,68298,31956,243876
REGION I,PANGASINAN,BINALONAN,38564,33029,10536,148794
REGION I,PANGASINAN,BINMALEY,61510,53426,23556,185402
REGION I,PANGASINAN,BOLINAO,50623,41865,17928,151818
REGION I,PANGASINAN,BUGALLON,52836,48117,17940,215442
REGION I,PANGASINAN,BURGOS,15319,12565,4272,59671
REGION I,PANGASINAN,CALASIAO,68134,57659,19548,223149
REGION I,PANGASINAN,CITY OF ALAMINOS,62721,51379,18132,200454
REGION I,PANGASINAN,CITY OF DAGUPAN,144481,126442,53508,379762
REGION I,PANGASINAN,CITY OF SAN CARLOS,126193,108901,54684,336990
REGION I,PANGASINAN,CITY OF URDANETA,102425,90994,30504,380924
REGION I,PANGASINAN,DASOL,23745,21069,5772,117091
REGION I,PANGASINAN,INFANTA,18476,16075,4980,80989
REGION I,PANGASINAN,LABRADOR,19925,18099,5148,89228
REGION I,PANGASINAN,LAOAC,22825,20212,6324,94041
REGION I,PANGASINAN,LINGAYEN,74486,63627,25296,235198
REGION I,PANGASINAN,MABINI,18157,16053,5088,76098
REGION I,PANGASINAN,MALASIQUI,89906,76804,33252,251813
REGION I,PANGASINAN,MANAOAG,49728,42150,14004,172866
REGION I,PANGASINAN,MANGALDAN,69571,61183,21420,223718
REGION I,PANGASINAN,MANGATAREM,56016,47976,14928,197690
REGION I,PANGASINAN,MAPANDAN,27556,24219,7992,97767
REGION I,PANGASINAN,NATIVIDAD,18419,16575,4464,78323
REGION I,PANGASINAN,POZORRUBIO,50986,43355,13752,186176
REGION I,PANGASINAN,ROSALES,47656,42823,13320,188921
REGION I,PANGASINAN,SAN FABIAN,56888,47020,15240,197096
REGION I,PANGASINAN,SAN JACINTO,29354,25319,7380,109961
REGION I,PANGASINAN,SAN MANUEL,31895,28828,7728,142915
REGION I,PANGASINAN,SAN NICOLAS,27371,24657,5424,131631
REGION I,PANGASINAN,SAN QUINTIN,25350,22850,6468,103005
REGION I,PANGASINAN,SANTA BARBARA,57629,52262,18624,211680
REGION I,PANGASINAN,SANTA MARIA,24026,21439,5712,101614
REGION I,PANGASINAN,SANTO TOMAS,9945,8778,1944,39681
REGION I,PANGASINAN,SISON,33363,29105,7716,138169
REGION I,PANGASINAN,SUAL,34338,30624,11652,149051
REGION I,PANGASINAN,TAYUG,31945,28756,8700,135916
REGION I,PANGASINAN,UMINGAN,56451,49505,13032,245373
REGION I,PANGASINAN,URBIZTONDO,42068,37404,15660,149366
REGION I,PANGASINAN,VILLASIS,44707,39857,10236,173598
REGION II,BATANES,BASCO,6170,5114,1224,24149
REGION II,BATANES,ITBAYAT,2116,1726,312,12006
REGION II,BATANES,IVANA,1216,1045,156,6982
REGION II,BATANES,MAHATAO,1515,1319,276,7896
REGION II,BATANES,SABTANG,1450,1236,156,7837
REGION II,BATANES,UYUGAN,1188,1048,120,6575
REGION II,CAGAYAN,ABULUG,21113,18423,4512,98554
REGION II,CAGAYAN,ALCALA,24362,21355,3984,128748
REGION II,CAGAYAN,ALLACAPAN,22193,18392,3948,112384
REGION II,CAGAYAN,AMULUNG,32964,29179,7092,160402
REGION II,CAGAYAN,APARRI,39040,33761,9420,175638
REGION II,CAGAYAN,BAGGAO,50449,43395,10908,231586
REGION II,CAGAYAN,BALLESTEROS,22160,18931,3876,111048
REGION II,CAGAYAN,BUGUEY,20434,16545,4560,85563
REGION II,CAGAYAN,CALAYAN,9900,8538,1752,60065
REGION II,CAGAYAN,CAMALANIUGAN,16758,14413,3540,76182
REGION II,CAGAYAN,CLAVERIA,22517,18361,4380,97766
REGION II,CAGAYAN,ENRILE,23448,20371,4788,100935
REGION II,CAGAYAN,GATTARAN,36180,30739,6516,159536
REGION II,CAGAYAN,GONZAGA,27767,24746,4980,148136
REGION II,CAGAYAN,IGUIG,18868,16477,4008,86045
REGION II,CAGAYAN,LAL-LO,29103,24889,6492,133299
REGION II,CAGAYAN,LASAM,25884,22057,5376,121385
REGION II,CAGAYAN,PAMPLONA,16231,14159,2784,90369
REGION II,CAGAYAN,PEÑABLANCA,30770,26520,7884,141614
REGION II,CAGAYAN,PIAT,17910,15540,3516,97131
REGION II,CAGAYAN,RIZAL,13048,11193,1944,81306
REGION II,CAGAYAN,SANCHEZ-MIRA,17173,14578,2592,86560
REGION II,CAGAYAN,SANTA ANA,24099,19610,3804,120125
REGION II,CAGAYAN,SANTA PRAXEDES,3309,2876,672,11806
REGION II,CAGAYAN,SANTA TERESITA,12090,10642,1764,73216
REGION II,CAGAYAN,SANTO NIÑO,19313,17085,3144,112389
REGION II,CAGAYAN,SOLANA,51787,45071,11328,252878
REGION II,CAGAYAN,TUAO,39161,33458,7392,182340
REGION II,CAGAYAN,TUGUEGARAO CITY,97963,82760,25764,317082
REGION II,ISABELA,ALICIA,50123,40247,14208,183039
REGION II,ISABELA,ANGADANAN,28877,25258,6660,124682
REGION II,ISABELA,AURORA,24521,21448,7116,96577
REGION II,ISABELA,BENITO SOLIVEN,19914,17332,4620,91949
REGION II,ISABELA,BURGOS,17190,14072,3552,79474
REGION II,ISABELA,CABAGAN,32670,27835,8904,124915
REGION II,ISABELA,CABATUAN,25469,22639,5964,112181
REGION II,ISABELA,CITY OF CAUAYAN,93785,78505,28392,332126
REGION II,ISABELA,CITY OF ILAGAN,105526,86905,34560,385555
REGION II,ISABELA,CITY OF SANTIAGO,115767,97528,26760,404979
REGION II,ISABELA,CORDON,29546,25228,8064,117406
REGION II,ISABELA,DELFIN ALBANO,18640,15641,4392,90005
REGION II,ISABELA,DINAPIGUE,5760,4676,972,32578
REGION II,ISABELA,DIVILACAN,4021,3279,912,18466
REGION II,ISABELA,ECHAGUE,58845,47863,17196,219876
REGION II,ISABELA,GAMU,20313,17175,4992,96415
REGION II,ISABELA,JONES,30296,25771,6396,136688
REGION II,ISABELA,LUNA,14869,12718,3324,64406
REGION II,ISABELA,MACONACON,3702,2918,720,18245
REGION II,ISABELA,MALLIG,20355,17597,6084,85293
REGION II,ISABELA,NAGUILIAN,21382,18752,4908,101419
REGION II,ISABELA,PALANAN,12460,9574,1740,64879
REGION II,ISABELA,QUEZON,16004,12764,4356,65701
REGION II,ISABELA,QUIRINO,16742,14673,2244,98473
REGION II,ISABELA,RAMON,32769,27658,6504,151772
REGION II,ISABELA,REINA MERCEDES,17780,14740,3624,79021
REGION II,ISABELA,ROXAS,41442,35710,8748,184534
REGION II,ISABELA,SAN AGUSTIN,15378,12770,1920,87247
REGION II,ISABELA,SAN GUILLERMO,13806,11752,2688,56978
REGION II,ISABELA,SAN ISIDRO,16761,14656,2940,80579
REGION II,ISABELA,SAN MANUEL,21089,17977,3612,105573
REGION II,ISABELA,SAN MARIANO,35730,30657,8592,164261
REGION II,ISABELA,SAN MATEO,42566,36597,11172,155757
REGION II,ISABELA,SAN PABLO,17489,15019,3264,97467
REGION II,ISABELA,SANTA MARIA,17029,13945,3936,70447
REGION II,ISABELA,SANTO TOMAS,17760,13519,4992,72116
REGION II,ISABELA,TUMAUINI,47634,38091,12384,174999
REGION II,NUEVA VIZCAYA,ALFONSO CASTANEDA,6476,5039,1032,28588
REGION II,NUEVA VIZCAYA,AMBAGUIO,7833,7103,1140,35929
REGION II,NUEVA VIZCAYA,ARITAO,23707,19772,4500,91204
REGION II,NUEVA VIZCAYA,BAGABAG,22289,18987,5640,77110
REGION II,NUEVA VIZCAYA,BAMBANG,34457,29278,8352,120955
REGION II,NUEVA VIZCAYA,BAYOMBONG,40264,33902,9588,122891
REGION II,NUEVA VIZCAYA,DIADI,12121,10485,2376,48975
REGION II,NUEVA VIZCAYA,DUPAX DEL NORTE,18629,15995,3972,80534
REGION II,NUEVA VIZCAYA,DUPAX DEL SUR,14029,12191,1944,66944
REGION II,NUEVA VIZCAYA,KASIBU,24998,21224,3984,106381
REGION II,NUEVA VIZCAYA,KAYAPA,16376,14076,1992,73102
REGION II,NUEVA VIZCAYA,QUEZON,15798,13756,3840,59930
REGION II,NUEVA VIZCAYA,SANTA FE,13091,11617,2604,62390
REGION II,NUEVA VIZCAYA,SOLANO,40641,34105,10668,119997
REGION II,NUEVA VIZCAYA,VILLAVERDE,11991,10422,3516,41092
REGION II,QUIRINO,AGLIPAY,19431,16524,4008,81216
REGION II,QUIRINO,CABARROGUIS,21631,17715,4800,75368
REGION II,QUIRINO,DIFFUN,32761,28257,8256,119588
REGION II,QUIRINO,MADDELA,26037,23518,5328,125554
REGION II,QUIRINO,NAGTIPUNAN,19251,16329,3312,92451
REGION II,QUIRINO,SAGUDAY,11196,9967,1956,53119
REGION III,AURORA,BALER,28186,22158,5064,99268
REGION III,AURORA,CASIGURAN,17768,13641,2676,76401
REGION III,AURORA,DILASAG,11644,10050,1704,57376
REGION III,AURORA,DINALUNGAN,9270,7949,1128,45643
REGION III,AURORA,DINGALAN,20361,16931,4848,87037
REGION III,AURORA,DIPACULAO,21403,17871,4452,84884
REGION III,AURORA,MARIA AURORA,27788,23118,6144,102258
REGION III,AURORA,SAN LUIS,20199,16757,3996,82184
REGION III,BATAAN,ABUCAY,29163,26401,7320,118523
REGION III,BATAAN,BAGAC,25303,21181,6372,101337
REGION III,BATAAN,CITY OF BALANGA,70117,60582,23832,129364
REGION III,BATAAN,DINALUPIHAN,78201,64079,22956,190848
REGION III,BATAAN,HERMOSA,52021,42046,15156,150814
REGION III,BATAAN,LIMAY,59060,52067,17964,195683
REGION III,BATAAN,MARIVELES,95756,79222,31152,233682
REGION III,BATAAN,MORONG,24383,21345,7920,89639
REGION III,BATAAN,ORANI,51331,41870,12588,167487
REGION III,BATAAN,ORION,40292,35020,11940,121790
REGION III,BATAAN,PILAR,29837,25507,10704,74834
REGION III,BATAAN,SAMAL,30580,26093,7608,110353
REGION III,BULACAN,ANGAT,43892,38246,13800,138744
REGION III,BULACAN,BALAGTAS,55008,48673,18900,142999
REGION III,BULACAN,BOCAUE,80501,64389,21984,191520
REGION III,BULACAN,BULACAN,54078,47563,12264,180901
REGION III,BULACAN,BUSTOS,50590,43928,12444,167660
REGION III,BULACAN,CALUMPIT,72324,61921,14472,245221
REGION III,BULACAN,CITY OF BALIWAG,114839,98087,29760,367459
REGION III,BULACAN,CITY OF MALOLOS,135662,113928,31776,350630
REGION III,BULACAN,CITY OF MEYCAUAYAN,134340,115760,44268,339006
REGION III,BULACAN,CITY OF SAN JOSE DEL MONTE,309329,255238,90732,635002
REGION III,BULACAN,DOÑA REMEDIOS TRINIDAD,28375,23817,6948,132775
REGION III,BULACAN,GUIGUINTO,78751,63940,20040,216517
REGION III,BULACAN,HAGONOY,80335,67311,16872,275825
REGION III,BULACAN,MARILAO,119030,102457,38700,260088
REGION III,BULACAN,NORZAGARAY,82038,68053,26964,225958
REGION III,BULACAN,OBANDO,34184,28074,7356,98165
REGION III,BULACAN,PANDI,103395,90269,43368,287829
REGION III,BULACAN,PAOMBONG,38237,31398,8628,122746
REGION III,BULACAN,PLARIDEL,70843,57454,18156,198649
REGION III,BULACAN,PULILAN,68392,59786,16452,243989
REGION III,BULACAN,SAN ILDEFONSO,85054,77565,21648,344069
REGION III,BULACAN,SAN MIGUEL,105167,92325,22236,410102
REGION III,BULACAN,SAN RAFAEL,68248,60162,14892,256482
REGION III,BULACAN,SANTA MARIA,159429,136655,51084,392678
REGION III,NUEVA ECIJA,ALIAGA,51139,44805,11628,230730
REGION III,NUEVA ECIJA,BONGABON,48923,43598,13116,211751
REGION III,NUEVA ECIJA,CABIAO,62754,53916,16284,221135
REGION III,NUEVA ECIJA,CARRANGLAN,26731,22240,6168,102017
REGION III,NUEVA ECIJA,CITY OF CABANATUAN,244298,196799,80328,725056
REGION III,NUEVA ECIJA,CITY OF GAPAN,96721,84019,26436,380130
REGION III,NUEVA ECIJA,CITY OF PALAYAN,34738,27880,9156,117734
REGION III,NUEVA ECIJA,CUYAPO,43822,38083,9576,175845
REGION III,NUEVA ECIJA,GABALDON,25705,22671,5424,121776
REGION III,NUEVA ECIJA,GENERAL MAMERTO NATIVIDAD,31136,28221,8136,142801
REGION III,NUEVA ECIJA,GENERAL TINIO,43627,35586,12012,154733
REGION III,NUEVA ECIJA,GUIMBA,81532,67736,20400,293079
REGION III,NUEVA ECIJA,JAEN,57234,48062,11940,222530
REGION III,NUEVA ECIJA,LAUR,27339,23012,5448,122657
REGION III,NUEVA ECIJA,LICAB,18034,14127,3408,70002
REGION III,NUEVA ECIJA,LLANERA,27254,23782,5724,115919
REGION III,NUEVA ECIJA,LUPAO,31160,27051,7056,133495
REGION III,NUEVA ECIJA,NAMPICUAN,11606,10145,1956,54695
REGION III,NUEVA ECIJA,PANTABANGAN,28627,20902,5952,105527
REGION III,NUEVA ECIJA,PEÑARANDA,26436,22637,5796,117183
REGION III,NUEVA ECIJA,QUEZON,23438,19118,4632,95103
REGION III,NUEVA ECIJA,RIZAL,37002,31120,9024,141631
REGION III,NUEVA ECIJA,SAN ANTONIO,57151,47476,11664,241967
REGION III,NUEVA ECIJA,SAN ISIDRO,34638,30065,7224,134707
REGION III,NUEVA ECIJA,SAN JOSE CITY,103753,88654,28704,357652
REGION III,NUEVA ECIJA,SAN LEONARDO,45858,37199,12240,155949
REGION III,NUEVA ECIJA,SANTA ROSA,54240,46694,14136,207382
REGION III,NUEVA ECIJA,SANTO DOMINGO,39637,30199,6444,152233
REGION III,NUEVA ECIJA,SCIENCE CITY OF MUÑOZ,56957,47712,12204,203204
REGION III,NUEVA ECIJA,TALAVERA,98488,73355,21132,324422
REGION III,NUEVA ECIJA,TALUGTUG,17663,15124,3216,82896
REGION III,NUEVA ECIJA,ZARAGOZA,31814,27314,7848,112052
REGION III,PAMPANGA,APALIT,65650,55001,14136,236979
REGION III,PAMPANGA,ARAYAT,81178,70120,18840,304023
REGION III,PAMPANGA,BACOLOR,49890,40801,11544,181064
REGION III,PAMPANGA,CANDABA,81766,73143,20520,323588
REGION III,PAMPANGA,CITY OF ANGELES,210914,167529,56292,585364
REGION III,PAMPANGA,CITY OF SAN FERNANDO,207416,179143,58212,690467
REGION III,PAMPANGA,FLORIDABLANCA,77262,65154,17916,273963
REGION III,PAMPANGA,GUAGUA,66883,55197,14652,237917
REGION III,PAMPANGA,LUBAO,94702,78968,23292,307211
REGION III,PAMPANGA,MABALACAT CITY,146991,123578,42840,464476
REGION III,PAMPANGA,MACABEBE,45766,36367,8976,180754
REGION III,PAMPANGA,MAGALANG,82452,71454,19836,354499
REGION III,PAMPANGA,MASANTOL,42091,36807,8832,193630
REGION III,PAMPANGA,MEXICO,100362,88991,24324,378223
REGION III,PAMPANGA,MINALIN,32206,26460,7152,119893
REGION III,PAMPANGA,PORAC,80603,68975,17832,343754
REGION III,PAMPANGA,SAN LUIS,38585,33106,7404,160886
REGION III,PAMPANGA,SAN SIMON,45430,39125,9516,199412
REGION III,PAMPANGA,SANTA ANA,36297,31806,7836,143745
REGION III,PAMPANGA,SANTA RITA,29564,25200,5772,120456
REGION III,PAMPANGA,SASMUAN,23365,20995,4752,114556
REGION III,PAMPANGA,STO. TOMAS,34555,29900,7092,141893
REGION III,TARLAC,ANAO,8620,7561,1404,40077
REGION III,TARLAC,BAMBAN,47867,40545,10824,187121
REGION III,TARLAC,CAMILING,53620,46452,10968,217868
REGION III,TARLAC,CAPAS,88121,76795,18864,330064
REGION III,TARLAC,CITY OF TARLAC,228100,205041,57780,812414
REGION III,TARLAC,CONCEPCION,112534,99919,23256,483687
REGION III,TARLAC,GERONA,60410,54789,14712,252207
REGION III,TARLAC,LA PAZ,45521,40592,10284,193738
REGION III,TARLAC,MAYANTOC,21815,19016,4560,104764
REGION III,TARLAC,MONCADA,39659,35117,11412,135064
REGION III,TARLAC,PANIQUI,66607,56868,16476,245328
REGION III,TARLAC,PURA,18851,16187,3732,74920
REGION III,TARLAC,RAMOS,16035,14450,3084,79338
REGION III,TARLAC,SAN CLEMENTE,9884,8785,1596,48579
REGION III,TARLAC,SAN JOSE,23321,21103,5412,116054
REGION III,TARLAC,SAN MANUEL,18075,15708,4152,74055
REGION III,TARLAC,SANTA IGNACIA,32826,29709,6864,146539
REGION III,TARLAC,VICTORIA,42982,37968,9960,184649
REGION III,ZAMBALES,BOTOLAN,46839,41382,11196,210715
REGION III,ZAMBALES,CABANGAN,19460,17220,4032,76674
REGION III,ZAMBALES,CANDELARIA,20406,17882,5244,79553
REGION III,ZAMBALES,CASTILLEJOS,36919,29346,10836,106505
REGION III,ZAMBALES,CITY OF OLONGAPO,122899,94328,36732,244790
REGION III,ZAMBALES,IBA,38256,32731,10920,124576
REGION III,ZAMBALES,MASINLOC,40568,35061,13644,133669
REGION III,ZAMBALES,PALAUIG,28607,25412,7212,105231
REGION III,ZAMBALES,SAN ANTONIO,24236,21106,5304,108368
REGION III,ZAMBALES,SAN FELIPE,16302,13933,3468,71002
REGION III,ZAMBALES,SAN MARCELINO,25097,20560,5556,100041
REGION III,ZAMBALES,SAN NARCISO,20167,17053,4488,79533
REGION III,ZAMBALES,SANTA CRUZ,43102,37560,10860,180248
REGION III,ZAMBALES,SUBIC,68402,54903,23796,197331
REGION IV-A,BATANGAS,AGONCILLO,27383,24438,4728,136791
REGION IV-A,BATANGAS,ALITAGTAG,19249,15948,2964,76751
REGION IV-A,BATANGAS,BALAYAN,59821,53774,14664,217336
REGION IV-A,BATANGAS,BALETE,15206,13205,2820,65903
REGION IV-A,BATANGAS,BATANGAS CITY,228263,192750,50640,784181
REGION IV-A,BATANGAS,BAUAN,60835,52595,10488,217961
REGION IV-A,BATANGAS,CALATAGAN,38198,34744,8520,165726
REGION IV-A,BATANGAS,CITY OF CALACA,63857,57402,14820,264579
REGION IV-A,BATANGAS,CITY OF LIPA,257401,219199,67260,800337
REGION IV-A,BATANGAS,CITY OF STO. TOMAS,124836,104837,30996,369290
REGION IV-A,BATANGAS,CITY OF TANAUAN,151400,132253,40260,534032
REGION IV-A,BATANGAS,CUENCA,25742,22764,4752,95791
REGION IV-A,BATANGAS,IBAAN,41301,37135,6408,169078
REGION IV-A,BATANGAS,LAUREL,28925,26219,4608,148629
REGION IV-A,BATANGAS,LEMERY,59437,52864,14064,249616
REGION IV-A,BATANGAS,LIAN,37493,33101,9060,151546
REGION IV-A,BATANGAS,LOBO,29032,25995,4632,141437
REGION IV-A,BATANGAS,MABINI,35913,30905,5688,146961
REGION IV-A,BATANGAS,MALVAR,39256,33212,7824,139442
REGION IV-A,BATANGAS,MATAASNAKAHOY,22311,19925,2976,96538
REGION IV-A,BATANGAS,NASUGBU,89379,76579,21396,326208
REGION IV-A,BATANGAS,PADRE GARCIA,34545,30478,5868,150391
REGION IV-A,BATANGAS,ROSARIO,85045,74474,14076,355643
REGION IV-A,BATANGAS,SAN JOSE,62236,55835,9204,280626
REGION IV-A,BATANGAS,SAN JUAN,76584,65198,12780,337883
REGION IV-A,BATANGAS,SAN LUIS,26877,23574,4116,110160
REGION IV-A,BATANGAS,SAN NICOLAS,16051,13996,2616,79566
REGION IV-A,BATANGAS,SAN PASCUAL,44264,38012,7116,162645
REGION IV-A,BATANGAS,SANTA TERESITA,14295,12085,2592,53771
REGION IV-A,BATANGAS,TAAL,40453,35011,6984,164366
REGION IV-A,BATANGAS,TALISAY,30724,26623,6012,118994
REGION IV-A,BATANGAS,TAYSAN,29153,25669,5424,117980
REGION IV-A,BATANGAS,TINGLOY,11385,8909,924,58346
REGION IV-A,BATANGAS,TUY,31097,27192,6624,124962
REGION IV-A,CAVITE,ALFONSO,38829,31237,7452,137157
REGION IV-A,CAVITE,AMADEO,28753,21627,6084,81885
REGION IV-A,CAVITE,CITY OF BACOOR,309462,227255,81144,575925
REGION IV-A,CAVITE,CITY OF CARMONA,65443,55083,22200,128906
REGION IV-A,CAVITE,CITY OF CAVITE,69630,57697,19332,207253
REGION IV-A,CAVITE,CITY OF DASMARIÑAS,432844,351757,157680,827168
REGION IV-A,CAVITE,CITY OF GENERAL TRIAS,212830,147825,66108,364831
REGION IV-A,CAVITE,CITY OF IMUS,238853,191949,69492,448829
REGION IV-A,CAVITE,CITY OF TAGAYTAY,54743,44170,10980,231285
REGION IV-A,CAVITE,CITY OF TRECE MARTIRES,121194,91119,41172,238238
REGION IV-A,CAVITE,GEN. MARIANO ALVAREZ,91724,72163,29400,171567
REGION IV-A,CAVITE,GENERAL EMILIO AGUINALDO,18344,15273,4152,65851
REGION IV-A,CAVITE,INDANG,46671,39576,9348,156737
REGION IV-A,CAVITE,KAWIT,69598,52916,18432,176275
REGION IV-A,CAVITE,MAGALLANES,17601,15303,4284,69378
REGION IV-A,CAVITE,MARAGONDON,33872,27899,7344,126159
REGION IV-A,CAVITE,MENDEZ,24079,20527,5184,83655
REGION IV-A,CAVITE,NAIC,107215,86326,33696,300210
REGION IV-A,CAVITE,NOVELETA,32612,25841,8316,83821
REGION IV-A,CAVITE,ROSARIO,89496,62163,25344,189127
REGION IV-A,CAVITE,SILANG,158777,134303,46308,443859
REGION IV-A,CAVITE,TANZA,166873,137110,59400,377001
REGION IV-A,CAVITE,TERNATE,17919,14633,4200,61945
REGION IV-A,LAGUNA,ALAMINOS,34979,29919,6876,142121
REGION IV-A,LAGUNA,BAY,47245,37502,8364,153102
REGION IV-A,LAGUNA,CALAUAN,52024,41917,10392,161908
REGION IV-A,LAGUNA,CAVINTI,21190,15556,3300,78757
REGION IV-A,LAGUNA,CITY OF BIÑAN,227474,172110,70524,490544
REGION IV-A,LAGUNA,CITY OF CABUYAO,228701,190050,69192,533190
REGION IV-A,LAGUNA,CITY OF CALAMBA,364766,267227,85740,884129
REGION IV-A,LAGUNA,CITY OF SAN PABLO,169231,145401,42120,512751
REGION IV-A,LAGUNA,CITY OF SAN PEDRO,188803,145189,54468,370971
REGION IV-A,LAGUNA,CITY OF SANTA ROSA,231659,186102,56652,574775
REGION IV-A,LAGUNA,FAMY,14985,10765,3192,48043
REGION IV-A,LAGUNA,KALAYAAN,17165,13536,3948,53878
REGION IV-A,LAGUNA,LILIW,25797,22190,5868,90003
REGION IV-A,LAGUNA,LOS BAÑOS,73968,62132,17376,214713
REGION IV-A,LAGUNA,LUISIANA,15164,12918,2556,59178
REGION IV-A,LAGUNA,LUMBAN,23274,19438,4320,80845
REGION IV-A,LAGUNA,MABITAC,14935,12232,3240,59498
REGION IV-A,LAGUNA,MAGDALENA,18586,15988,3432,73786
REGION IV-A,LAGUNA,MAJAYJAY,21004,17783,4992,76617
REGION IV-A,LAGUNA,NAGCARLAN,48278,39502,9288,162096
REGION IV-A,LAGUNA,PAETE,18280,14141,4200,46245
REGION IV-A,LAGUNA,PAGSANJAN,33055,25189,6864,107438
REGION IV-A,LAGUNA,PAKIL,17532,13498,3012,62654
REGION IV-A,LAGUNA,PANGIL,17787,13648,3024,59805
REGION IV-A,LAGUNA,PILA,39713,30517,7992,125351
REGION IV-A,LAGUNA,RIZAL,13267,11234,2076,49683
REGION IV-A,LAGUNA,SANTA CRUZ,80643,67820,17868,250584
REGION IV-A,LAGUNA,SANTA MARIA,24141,20340,5292,93660
REGION IV-A,LAGUNA,SINILOAN,26242,21621,6144,82363
REGION IV-A,LAGUNA,VICTORIA,29285,24339,5436,118136
REGION IV-A,QUEZON,AGDANGAN,9696,8527,1464,42711
REGION IV-A,QUEZON,ALABAT,12023,10165,1524,59651
REGION IV-A,QUEZON,ATIMONAN,37532,31903,5892,155343
REGION IV-A,QUEZON,BUENAVISTA,22993,19547,4956,108996
REGION IV-A,QUEZON,BURDEOS,11169,9081,1788,56810
REGION IV-A,QUEZON,CALAUAG,50587,36539,9120,179241
REGION IV-A,QUEZON,CANDELARIA,89174,76408,19680,322252
REGION IV-A,QUEZON,CATANAUAN,45870,38913,10584,195139
REGION IV-A,QUEZON,CITY OF LUCENA,199416,170088,60936,615022
REGION IV-A,QUEZON,CITY OF TAYABAS,70197,61420,16860,251505
REGION IV-A,QUEZON,DOLORES,22229,19276,4932,87400
REGION IV-A,QUEZON,GENERAL LUNA,18549,15527,3276,86169
REGION IV-A,QUEZON,GENERAL NAKAR,26151,22270,4788,134789
REGION IV-A,QUEZON,GUINAYANGAN,26184,19762,3732,110533
REGION IV-A,QUEZON,GUMACA,44765,36769,8976,174540
REGION IV-A,QUEZON,INFANTA,47047,40423,9384,181309
REGION IV-A,QUEZON,JOMALIG,5629,5067,612,39127
REGION IV-A,QUEZON,LOPEZ,59547,46930,12420,215314
REGION IV-A,QUEZON,LUCBAN,36504,29190,8988,95654
REGION IV-A,QUEZON,MACALELON,18061,14723,3360,79822
REGION IV-A,QUEZON,MAUBAN,48534,40980,12384,196325
REGION IV-A,QUEZON,MULANAY,36143,30039,8340,158641
REGION IV-A,QUEZON,PADRE BURGOS,16771,13923,3456,74234
REGION IV-A,QUEZON,PAGBILAO,50829,41504,9384,213454
REGION IV-A,QUEZON,PANUKULAN,11952,10198,1752,65004
REGION IV-A,QUEZON,PATNANUNGAN,8734,7018,1608,35916
REGION IV-A,QUEZON,PEREZ,10030,8672,1080,57791
REGION IV-A,QUEZON,PITOGO,17112,15339,3228,81717
REGION IV-A,QUEZON,PLARIDEL,8656,7519,1524,39731
REGION IV-A,QUEZON,POLILLO,21072,17495,3720,97375
REGION IV-A,QUEZON,QUEZON,11698,9881,1620,58262
REGION IV-A,QUEZON,REAL,25009,21000,5112,104651
REGION IV-A,QUEZON,SAMPALOC,10179,8250,2028,41496
REGION IV-A,QUEZON,SAN ANDRES,20537,16825,5136,92996
REGION IV-A,QUEZON,SAN ANTONIO,26335,23200,4308,121342
REGION IV-A,QUEZON,SAN FRANCISCO,46153,35377,8184,250514
REGION IV-A,QUEZON,SAN NARCISO,33152,27831,4728,185036
REGION IV-A,QUEZON,SARIAYA,105746,92002,23844,428573
REGION IV-A,QUEZON,TAGKAWAYAN,36160,27323,5724,148439
REGION IV-A,QUEZON,TIAONG,73299,63884,14760,299384
REGION IV-A,QUEZON,UNISAN,19107,16886,3096,92173
REGION IV-A,RIZAL,ANGONO,70071,51799,20988,127780
REGION IV-A,RIZAL,BARAS,50015,33007,15204,102831
REGION IV-A,RIZAL,BINANGONAN,145638,111445,49656,301703
REGION IV-A,RIZAL,CAINTA,177532,131602,54288,268133
REGION IV-A,RIZAL,CARDONA,32340,26437,10128,107490
REGION IV-A,RIZAL,CITY OF ANTIPOLO,455797,331773,150732,726773
REGION IV-A,RIZAL,JALA-JALA,23709,20593,5220,105253
REGION IV-A,RIZAL,MORONG,41727,34531,12348,120243
REGION IV-A,RIZAL,PILILLA,40376,33272,11904,110061
REGION IV-A,RIZAL,RODRIGUEZ,219447,173858,73704,477515
REGION IV-A,RIZAL,SAN MATEO,134335,107147,42516,265774
REGION IV-A,RIZAL,TANAY,71870,55950,23256,177438
REGION IV-A,RIZAL,TAYTAY,161880,128254,53808,285490
REGION IV-A,RIZAL,TERESA,46906,35784,16104,103592
REGION IV-B,MARINDUQUE,BOAC,38627,34144,8100,161447
REGION IV-B,MARINDUQUE,BUENAVISTA,16531,14023,3444,79948
REGION IV-B,MARINDUQUE,GASAN,24545,21126,5184,104570
REGION IV-B,MARINDUQUE,MOGPOG,23172,19993,4884,96936
REGION IV-B,MARINDUQUE,SANTA CRUZ,40165,34793,8880,187970
REGION IV-B,MARINDUQUE,TORRIJOS,22396,17937,2892,115322
REGION IV-B,OCCIDENTAL MINDORO,ABRA DE ILOG,20914,17168,4140,92529
REGION IV-B,OCCIDENTAL MINDORO,CALINTAAN,17897,14411,3648,71531
REGION IV-B,OCCIDENTAL MINDORO,LOOC,7319,5663,840,32242
REGION IV-B,OCCIDENTAL MINDORO,LUBANG,13497,10889,2580,56796
REGION IV-B,OCCIDENTAL MINDORO,MAGSAYSAY,23902,19959,5064,98654
REGION IV-B,OCCIDENTAL MINDORO,MAMBURAO,31011,25215,5724,113739
REGION IV-B,OCCIDENTAL MINDORO,PALUAN,14904,12774,3204,72460
REGION IV-B,OCCIDENTAL MINDORO,RIZAL,25125,20564,3888,100296
REGION IV-B,OCCIDENTAL MINDORO,SABLAYAN,55181,42150,11508,186119
REGION IV-B,OCCIDENTAL MINDORO,SAN JOSE,86769,67879,20832,269664
REGION IV-B,OCCIDENTAL MINDORO,SANTA CRUZ,25180,19362,4260,105098
REGION IV-B,ORIENTAL MINDORO,BACO,26166,22142,3732,122123
REGION IV-B,ORIENTAL MINDORO,BANSUD,27825,22457,4548,112766
REGION IV-B,ORIENTAL MINDORO,BONGABONG,48137,39846,9384,195215
REGION IV-B,ORIENTAL MINDORO,BULALACAO,27509,24422,4524,145991
REGION IV-B,ORIENTAL MINDORO,CITY OF CALAPAN,96310,79430,18348,358643
REGION IV-B,ORIENTAL MINDORO,GLORIA,33105,26973,5580,134073
REGION IV-B,ORIENTAL MINDORO,MANSALAY,33758,28377,7032,157288
REGION IV-B,ORIENTAL MINDORO,NAUJAN,64553,50598,10200,273699
REGION IV-B,ORIENTAL MINDORO,PINAMALAYAN,51177,41652,9456,178960
REGION IV-B,ORIENTAL MINDORO,POLA,23444,17792,3864,91455
REGION IV-B,ORIENTAL MINDORO,PUERTO GALERA,27024,22198,4176,121813
REGION IV-B,ORIENTAL MINDORO,ROXAS,39643,31519,7488,141007
REGION IV-B,ORIENTAL MINDORO,SAN TEODORO,12590,10235,1428,65477
REGION IV-B,ORIENTAL MINDORO,SOCORRO,25189,20854,3876,107308
REGION IV-B,ORIENTAL MINDORO,VICTORIA,33171,27439,5496,132491
REGION IV-B,PALAWAN,ABORLAN,28433,24174,4080,133154
REGION IV-B,PALAWAN,AGUTAYA,7815,6493,1212,40401
REGION IV-B,PALAWAN,ARACELI,9735,8318,1284,54377
REGION IV-B,PALAWAN,BALABAC,23800,19122,2844,150762
REGION IV-B,PALAWAN,BATARAZA,54456,41012,8256,245717
REGION IV-B,PALAWAN,BROOKE'S POINT,51184,43413,8532,238476
REGION IV-B,PALAWAN,BUSUANGA,16404,14181,4308,57135
REGION IV-B,PALAWAN,CAGAYANCILLO,4692,3855,516,23059
REGION IV-B,PALAWAN,CITY OF PUERTO PRINCESA,181815,153521,39444,645696
REGION IV-B,PALAWAN,CORON,41434,33269,11856,138052
REGION IV-B,PALAWAN,CULION,14568,12802,2964,66303
REGION IV-B,PALAWAN,CUYO,14512,12130,2388,56060
REGION IV-B,PALAWAN,DUMARAN,15385,13597,2352,85799
REGION IV-B,PALAWAN,EL NIDO,35137,31159,7308,168165
REGION IV-B,PALAWAN,KALAYAAN,819,557,84,4148
REGION IV-B,PALAWAN,LINAPACAN,10354,9080,1044,65005
REGION IV-B,PALAWAN,MAGSAYSAY,7952,6591,1044,35073
REGION IV-B,PALAWAN,NARRA,48298,40555,9024,193327
REGION IV-B,PALAWAN,QUEZON,39152,33424,5808,191655
REGION IV-B,PALAWAN,RIZAL,34052,28412,4488,172222
REGION IV-B,PALAWAN,ROXAS,45968,38115,7056,202403
REGION IV-B,PALAWAN,SAN VICENTE,24280,20564,5844,107943
REGION IV-B,PALAWAN,SOFRONIO ESPAÑOLA,24345,20895,2724,130598
REGION IV-B,PALAWAN,TAYTAY,53165,46626,11628,247099
REGION IV-B,ROMBLON,ALCANTARA,11886,10036,2760,49424
REGION IV-B,ROMBLON,BANTON,3707,2918,372,15176
REGION IV-B,ROMBLON,CAJIDIOCAN,14684,12105,3636,64147
REGION IV-B,ROMBLON,CALATRAVA,8189,7119,1632,39785
REGION IV-B,ROMBLON,CONCEPCION,3249,2735,588,13077
REGION IV-B,ROMBLON,CORCUERA,6468,5363,984,25876
REGION IV-B,ROMBLON,FERROL,5410,4722,552,30523
REGION IV-B,ROMBLON,LOOC,15595,12698,3672,67776
REGION IV-B,ROMBLON,MAGDIWANG,9178,7740,1500,46333
REGION IV-B,ROMBLON,ODIONGAN,33100,28883,7032,132342
REGION IV-B,ROMBLON,ROMBLON,27273,23216,5640,119861
REGION IV-B,ROMBLON,SAN AGUSTIN,16260,13626,3984,70959
REGION IV-B,ROMBLON,SAN ANDRES,12090,10429,2484,50978
REGION IV-B,ROMBLON,SAN FERNANDO,7011,5956,1296,35387
REGION IV-B,ROMBLON,SAN JOSE,7584,6477,1332,39453
REGION IV-B,ROMBLON,SANTA FE,11046,9107,1512,57497
REGION IV-B,ROMBLON,SANTA MARIA,6716,5402,1320,29343
REGION IX,SULU,HADJI PANGLIMA TAHIL,5083,4902,288,6803
REGION IX,SULU,INDANAN,23918,21799,5880,66739
REGION IX,SULU,JOLO,48365,43521,15156,160644
REGION IX,SULU,KALINGALAN CALUANG,15918,15096,5292,28799
REGION IX,SULU,LUGUS,19470,18999,6660,47593
REGION IX,SULU,LUUK,24733,24445,4776,7731
REGION IX,SULU,MAIMBUNG,37468,37096,10176,171169
REGION IX,SULU,OLD PANAMAO,23701,15339,1464,126654
REGION IX,SULU,OMAR,18405,11789,924,87750
REGION IX,SULU,PANDAMI,15386,14514,3180,41493
REGION IX,SULU,PANGLIMA ESTINO,9979,9698,2772,17294
REGION IX,SULU,PARANG,40129,30553,2400,266510
REGION IX,SULU,PATA,8067,7287,384,42294
REGION IX,SULU,PATIKUL,43627,40743,12024,133556
REGION IX,SULU,SIASI,30769,29708,11196,81253
REGION IX,SULU,TALIPAO,32618,21121,2928,131367
REGION IX,SULU,TAPUL,5373,3043,0,31543
REGION IX,SULU,TONGKIL,12767,6716,1500,40174
REGION IX,ZAMBOANGA DEL NORTE,BALIGUIAN,15352,12334,3828,76718
REGION IX,ZAMBOANGA DEL NORTE,CITY OF DAPITAN,75602,69670,15972,393823
REGION IX,ZAMBOANGA DEL NORTE,CITY OF DIPOLOG,98238,80566,29448,358725
REGION IX,ZAMBOANGA DEL NORTE,GODOD,12256,10678,2160,83868
REGION IX,ZAMBOANGA DEL NORTE,GUTALAC,27304,23867,7524,135700
REGION IX,ZAMBOANGA DEL NORTE,JOSE DALMAN,22288,16715,4620,113930
REGION IX,ZAMBOANGA DEL NORTE,KALAWIT,17127,14201,4824,82754
REGION IX,ZAMBOANGA DEL NORTE,KATIPUNAN,33964,27860,6420,200247
REGION IX,ZAMBOANGA DEL NORTE,LA LIBERTAD,6337,5694,864,39191
REGION IX,ZAMBOANGA DEL NORTE,LABASON,33125,25551,10980,108239
REGION IX,ZAMBOANGA DEL NORTE,LEON T. POSTIGO,20210,17029,5136,109107
REGION IX,ZAMBOANGA DEL NORTE,LILOY,32607,27510,8436,159019
REGION IX,ZAMBOANGA DEL NORTE,MANUKAN,26342,21161,5760,137182
REGION IX,ZAMBOANGA DEL NORTE,MUTIA,10028,8771,1428,60011
REGION IX,ZAMBOANGA DEL NORTE,PIÑAN,14906,13252,2352,90355
REGION IX,ZAMBOANGA DEL NORTE,POLANCO,31040,27220,7260,158358
REGION IX,ZAMBOANGA DEL NORTE,PRES. MANUEL A. ROXAS,28550,23148,5616,158562
REGION IX,ZAMBOANGA DEL NORTE,RIZAL,14229,12912,1728,86579
REGION IX,ZAMBOANGA DEL NORTE,SALUG,23433,20074,5472,129627
REGION IX,ZAMBOANGA DEL NORTE,SERGIO OSMEÑA SR.,23146,20792,4188,153590
REGION IX,ZAMBOANGA DEL NORTE,SIAYAN,28072,22511,4068,186566
REGION IX,ZAMBOANGA DEL NORTE,SIBUCO,10915,8424,3492,42059
REGION IX,ZAMBOANGA DEL NORTE,SIBUTAD,13936,12151,1908,83856
REGION IX,ZAMBOANGA DEL NORTE,SINDANGAN,72505,59469,17628,337455
REGION IX,ZAMBOANGA DEL NORTE,SIOCON,30503,26285,10284,144220
REGION IX,ZAMBOANGA DEL NORTE,SIRAWAI,18809,14884,4392,76051
REGION IX,ZAMBOANGA DEL NORTE,TAMPILISAN,16048,14098,3720,84524
REGION IX,ZAMBOANGA DEL SUR,AURORA,37413,31552,9468,138792
REGION IX,ZAMBOANGA DEL SUR,BAYOG,21967,19738,4140,111214
REGION IX,ZAMBOANGA DEL SUR,CITY OF PAGADIAN,149477,129759,43620,499358
REGION IX,ZAMBOANGA DEL SUR,CITY OF ZAMBOANGA,483058,372433,181740,1100349
REGION IX,ZAMBOANGA DEL SUR,DIMATALING,22755,16059,4464,92226
REGION IX,ZAMBOANGA DEL SUR,DINAS,21996,18307,5436,108994
REGION IX,ZAMBOANGA DEL SUR,DUMALINAO,22931,20392,6324,107582
REGION IX,ZAMBOANGA DEL SUR,DUMINGAG,30932,26509,6828,160696
REGION IX,ZAMBOANGA DEL SUR,GUIPOS,20020,16552,3768,89770
REGION IX,ZAMBOANGA DEL SUR,JOSEFINA,7971,7104,936,43543
REGION IX,ZAMBOANGA DEL SUR,KUMALARANG,20895,18019,4752,101721
REGION IX,ZAMBOANGA DEL SUR,LABANGAN,31550,25701,6300,124563
REGION IX,ZAMBOANGA DEL SUR,LAKEWOOD,14410,12133,2520,76544
REGION IX,ZAMBOANGA DEL SUR,LAPUYAN,17071,13952,3804,86041
REGION IX,ZAMBOANGA DEL SUR,MAHAYAG,32693,25744,6168,138978
REGION IX,ZAMBOANGA DEL SUR,MARGOSATUBIG,22207,18528,7212,98791
REGION IX,ZAMBOANGA DEL SUR,MIDSALIP,22619,19965,3600,141018
REGION IX,ZAMBOANGA DEL SUR,MOLAVE,33459,27944,6816,163536
REGION IX,ZAMBOANGA DEL SUR,PITOGO,17364,14912,2928,75615
REGION IX,ZAMBOANGA DEL SUR,RAMON MAGSAYSAY,18056,14871,3468,77214
REGION IX,ZAMBOANGA DEL SUR,SAN MIGUEL,15281,13325,3288,90631
REGION IX,ZAMBOANGA DEL SUR,SAN PABLO,18933,16584,2760,103366
REGION IX,ZAMBOANGA DEL SUR,SOMINOT,10862,9187,1248,71695
REGION IX,ZAMBOANGA DEL SUR,TABINA,17195,14844,2508,87135
REGION IX,ZAMBOANGA DEL SUR,TAMBULIG,25788,22427,5928,101081
REGION IX,ZAMBOANGA DEL SUR,TIGBAO,14002,11788,3720,65479
REGION IX,ZAMBOANGA DEL SUR,TUKURAN,28987,23433,5412,124483
REGION IX,ZAMBOANGA DEL SUR,VINCENZO A. SAGUN,16121,13654,2604,88713
REGION IX,ZAMBOANGA SIBUGAY,ALICIA,25212,20625,6696,98561
REGION IX,ZAMBOANGA SIBUGAY,BUUG,24616,20679,5604,100420
REGION IX,ZAMBOANGA SIBUGAY,DIPLAHAN,22160,19029,4776,101426
REGION IX,ZAMBOANGA SIBUGAY,IMELDA,18877,16618,3012,112073
REGION IX,ZAMBOANGA SIBUGAY,IPIL,60353,49569,16104,216281
REGION IX,ZAMBOANGA SIBUGAY,KABASALAN,34171,29595,6828,176024
REGION IX,ZAMBOANGA SIBUGAY,MABUHAY,15819,12686,4272,53276
REGION IX,ZAMBOANGA SIBUGAY,MALANGAS,22123,18656,4992,99311
REGION IX,ZAMBOANGA SIBUGAY,NAGA,28194,23965,7380,128159
REGION IX,ZAMBOANGA SIBUGAY,OLUTANGA,15605,13584,3600,74560
REGION IX,ZAMBOANGA SIBUGAY,PAYAO,21784,18441,4428,105708
REGION IX,ZAMBOANGA SIBUGAY,ROSELLER LIM,28873,23900,8112,111178
REGION IX,ZAMBOANGA SIBUGAY,SIAY,25960,21551,6744,95139
REGION IX,ZAMBOANGA SIBUGAY,TALUSAN,11140,9321,2604,48974
REGION IX,ZAMBOANGA SIBUGAY,TITAY,37145,31833,8628,186366
REGION IX,ZAMBOANGA SIBUGAY,TUNGAWAN,34367,26104,8724,140580
REGION V,ALBAY,BACACAY,51806,45692,12060,236174
REGION V,ALBAY,CAMALIG,47648,42568,11916,205643
REGION V,ALBAY,CITY OF LEGAZPI,147382,135699,37476,613876
REGION V,ALBAY,CITY OF LIGAO,75417,67256,18540,359961
REGION V,ALBAY,CITY OF TABACO,89304,79590,18744,413111
REGION V,ALBAY,DARAGA,90048,81129,22572,398621
REGION V,ALBAY,GUINOBATAN,60427,54262,14484,267668
REGION V,ALBAY,JOVELLAR,12455,11151,2388,70865
REGION V,ALBAY,LIBON,47238,41686,10764,252431
REGION V,ALBAY,MALILIPOT,32016,28563,6684,144990
REGION V,ALBAY,MALINAO,34775,29986,7560,164426
REGION V,ALBAY,MANITO,18670,16617,4008,101091
REGION V,ALBAY,OAS,44774,39341,10500,225810
REGION V,ALBAY,PIO DURAN,34500,29562,9216,154553
REGION V,ALBAY,POLANGUI,63009,55989,13692,288101
REGION V,ALBAY,RAPU-RAPU,23634,20727,5952,117055
REGION V,ALBAY,SANTO DOMINGO,27856,25612,5064,136665
REGION V,ALBAY,TIWI,39155,34753,8340,195544
REGION V,CAMARINES NORTE,BASUD,29623,25631,6732,123501
REGION V,CAMARINES NORTE,CAPALONGA,25020,21772,6924,112329
REGION V,CAMARINES NORTE,DAET,65566,54580,13392,234869
REGION V,CAMARINES NORTE,JOSE PANGANIBAN,35758,29673,9936,132499
REGION V,CAMARINES NORTE,LABO,69008,58305,18300,275947
REGION V,CAMARINES NORTE,MERCEDES,35954,31122,8676,157793
REGION V,CAMARINES NORTE,PARACALE,38292,32934,10608,153966
REGION V,CAMARINES NORTE,SAN LORENZO RUIZ,11501,10191,2424,56455
REGION V,CAMARINES NORTE,SAN VICENTE,9481,8401,1560,50849
REGION V,CAMARINES NORTE,SANTA ELENA,28229,24262,6456,120352
REGION V,CAMARINES NORTE,TALISAY,18147,15476,3864,71654
REGION V,CAMARINES NORTE,VINZONS,30004,25834,6636,129914
REGION V,CAMARINES SUR,BAAO,37390,31934,6108,183443
REGION V,CAMARINES SUR,BALATAN,20845,17625,4368,101783
REGION V,CAMARINES SUR,BATO,34609,29556,6804,171485
REGION V,CAMARINES SUR,BOMBON,12110,10464,1692,62799
REGION V,CAMARINES SUR,BUHI,53101,42705,9792,259307
REGION V,CAMARINES SUR,BULA,46508,39213,9996,221393
REGION V,CAMARINES SUR,CABUSAO,14904,12841,3288,76354
REGION V,CAMARINES SUR,CALABANGA,56728,46406,7872,277557
REGION V,CAMARINES SUR,CAMALIGAN,16676,14249,2964,68895
REGION V,CAMARINES SUR,CANAMAN,23410,20769,3984,112459
REGION V,CAMARINES SUR,CARAMOAN,35695,31508,8700,190137
REGION V,CAMARINES SUR,CITY OF IRIGA,76836,64019,12996,361529
REGION V,CAMARINES SUR,CITY OF NAGA,121773,97741,21060,417914
REGION V,CAMARINES SUR,DEL GALLEGO,18821,15477,3552,80372
REGION V,CAMARINES SUR,GAINZA,9601,7924,1560,45858
REGION V,CAMARINES SUR,GARCHITORENA,20196,17945,3816,121180
REGION V,CAMARINES SUR,GOA,42758,37202,9276,199833
REGION V,CAMARINES SUR,LAGONOY,41019,36060,7956,224284
REGION V,CAMARINES SUR,LIBMANAN,72704,59094,14748,325683
REGION V,CAMARINES SUR,LUPI,22585,19521,3660,123748
REGION V,CAMARINES SUR,MAGARAO,19499,16693,3060,97546
REGION V,CAMARINES SUR,MILAOR,24479,21779,4776,118946
REGION V,CAMARINES SUR,MINALABAC,33759,26986,7248,140264
REGION V,CAMARINES SUR,NABUA,55549,46349,11952,249119
REGION V,CAMARINES SUR,OCAMPO,30473,26237,4872,161812
REGION V,CAMARINES SUR,PAMPLONA,24626,21293,3360,130815
REGION V,CAMARINES SUR,PASACAO,32413,26304,6432,147014
REGION V,CAMARINES SUR,PILI,58919,48933,10692,231124
REGION V,CAMARINES SUR,PRESENTACION,17442,15615,3924,97746
REGION V,CAMARINES SUR,RAGAY,41000,35180,7500,213910
REGION V,CAMARINES SUR,SAGÑAY,23602,19515,5604,100669
REGION V,CAMARINES SUR,SAN FERNANDO,25193,21564,4788,120527
REGION V,CAMARINES SUR,SAN JOSE,31835,27879,6192,148013
REGION V,CAMARINES SUR,SIPOCOT,44867,38246,8592,223858
REGION V,CAMARINES SUR,SIRUMA,14979,13114,2688,85891
REGION V,CAMARINES SUR,TIGAON,39666,33028,9060,163622
REGION V,CAMARINES SUR,TINAMBAC,47492,41387,9456,268345
REGION V,CATANDUANES,BAGAMANOC,8774,7619,1692,46215
REGION V,CATANDUANES,BARAS,10934,9326,1956,50550
REGION V,CATANDUANES,BATO,16828,14638,3468,74344
REGION V,CATANDUANES,CARAMORAN,22329,18840,5016,93104
REGION V,CATANDUANES,GIGMOTO,7717,6317,1404,34881
REGION V,CATANDUANES,PANDAN,16837,14461,3516,73786
REGION V,CATANDUANES,PANGANIBAN,8306,7024,1740,38573
REGION V,CATANDUANES,SAN ANDRES,28792,25288,6696,125917
REGION V,CATANDUANES,SAN MIGUEL,12122,10737,1944,60987
REGION V,CATANDUANES,VIGA,16503,14062,3984,65876
REGION V,CATANDUANES,VIRAC,51662,45585,12564,198530
REGION V,MASBATE,AROROY,55077,42839,15528,255607
REGION V,MASBATE,BALENO,19315,16101,4116,102194
REGION V,MASBATE,BALUD,27457,20475,4800,141401
REGION V,MASBATE,BATUAN,10931,8129,1584,54886
REGION V,MASBATE,CATAINGAN,30715,23753,6972,146657
REGION V,MASBATE,CAWAYAN,44817,35977,13092,200962
REGION V,MASBATE,CITY OF MASBATE,84898,69072,24744,371526
REGION V,MASBATE,CLAVERIA,26425,22421,5796,155684
REGION V,MASBATE,DIMASALANG,17532,14343,4344,95699
REGION V,MASBATE,ESPERANZA,13084,9697,2400,65711
REGION V,MASBATE,MANDAON,28127,22339,7788,132129
REGION V,MASBATE,MILAGROS,33250,27470,6852,175897
REGION V,MASBATE,MOBO,25115,19596,5652,108784
REGION V,MASBATE,MONREAL,19627,14469,4212,89124
REGION V,MASBATE,PALANAS,19383,15221,3924,99077
REGION V,MASBATE,PIO V. CORPUS,16657,12931,3288,83573
REGION V,MASBATE,PLACER,39115,29306,8640,165899
REGION V,MASBATE,SAN FERNANDO,16767,13441,3000,85461
REGION V,MASBATE,SAN JACINTO,22005,17532,4524,116185
REGION V,MASBATE,SAN PASCUAL,32674,28740,5928,196035
REGION V,MASBATE,USON,35375,26377,10404,157399
REGION V,SORSOGON,BARCELONA,16676,14558,3084,66529
REGION V,SORSOGON,BULAN,68905,59572,16644,295804
REGION V,SORSOGON,BULUSAN,17695,15386,3576,77914
REGION V,SORSOGON,CASIGURAN,23665,20324,4260,107286
REGION V,SORSOGON,CASTILLA,39325,34162,7416,209799
REGION V,SORSOGON,CITY OF SORSOGON,114140,96051,24888,453433
REGION V,SORSOGON,DONSOL,32811,28248,8724,129235
REGION V,SORSOGON,GUBAT,41722,35877,7608,183484
REGION V,SORSOGON,IROSIN,41494,37463,9300,190703
REGION V,SORSOGON,JUBAN,24717,21832,5268,116743
REGION V,SORSOGON,MAGALLANES,24920,20749,6012,115117
REGION V,SORSOGON,MATNOG,30571,26551,8256,119309
REGION V,SORSOGON,PILAR,47491,39786,9672,226417
REGION V,SORSOGON,PRIETO DIAZ,16379,13638,3372,67984
REGION V,SORSOGON,SANTA MAGDALENA,12729,11134,3420,49865
REGION VI,AKLAN,ALTAVAS,17774,15158,3708,82114
REGION VI,AKLAN,BALETE,17585,15295,3864,58524
REGION VI,AKLAN,BANGA,29601,25269,7140,119308
REGION VI,AKLAN,BATAN,24516,20940,6240,110814
REGION VI,AKLAN,BURUANGA,12915,11795,2028,73935
REGION VI,AKLAN,IBAJAY,34003,30535,8568,156055
REGION VI,AKLAN,KALIBO,53191,44477,13500,178531
REGION VI,AKLAN,LEZO,10187,9292,2244,43626
REGION VI,AKLAN,LIBACAO,19518,16850,2484,112434
REGION VI,AKLAN,MADALAG,13456,11711,2640,68893
REGION VI,AKLAN,MAKATO,23128,20729,5856,105050
REGION VI,AKLAN,MALAY,40565,34290,10668,165034
REGION VI,AKLAN,MALINAO,16278,14175,3828,70566
REGION VI,AKLAN,NABAS,26066,23320,7236,115971
REGION VI,AKLAN,NEW WASHINGTON,33891,29681,8064,153507
REGION VI,AKLAN,NUMANCIA,26088,22917,6024,95059
REGION VI,AKLAN,TANGALAN,16128,14729,3420,83438
REGION VI,ANTIQUE,ANINI-Y,14388,12157,2196,65302
REGION VI,ANTIQUE,BARBAZA,16101,13931,2952,73548
REGION VI,ANTIQUE,BELISON,10017,8847,1344,47705
REGION VI,ANTIQUE,BUGASONG,20658,17939,4764,89324
REGION VI,ANTIQUE,CALUYA,25718,22123,5580,128711
REGION VI,ANTIQUE,CULASI,29441,25853,6720,139109
REGION VI,ANTIQUE,HAMTIC,31375,27501,7164,124654
REGION VI,ANTIQUE,LAUA-AN,19965,17485,3324,111116
REGION VI,ANTIQUE,LIBERTAD,11617,10133,2196,58105
REGION VI,ANTIQUE,PANDAN,25346,22359,3768,120652
REGION VI,ANTIQUE,PATNONGON,22848,19936,4584,100979
REGION VI,ANTIQUE,SAN JOSE,38767,34035,7200,153160
REGION VI,ANTIQUE,SAN REMIGIO,24188,21852,4536,139034
REGION VI,ANTIQUE,SEBASTE,12865,11432,1788,73283
REGION VI,ANTIQUE,SIBALOM,41241,36636,7524,179050
REGION VI,ANTIQUE,TIBIAO,18305,16192,2604,96595
REGION VI,ANTIQUE,TOBIAS FORNIER,19752,17514,3588,95650
REGION VI,ANTIQUE,VALDERRAMA,14530,12428,3180,74136
REGION VI,CAPIZ,CITY OF ROXAS,112738,99032,32616,464225
REGION VI,CAPIZ,CUARTERO,20235,17776,3708,107217
REGION VI,CAPIZ,DAO,23072,19266,3768,121461
REGION VI,CAPIZ,DUMALAG,21263,17108,4932,92970
REGION VI,CAPIZ,DUMARAO,32218,28135,7128,172018
REGION VI,CAPIZ,IVISAN,21770,18350,5076,95874
REGION VI,CAPIZ,JAMINDAN,25731,21258,5508,122600
REGION VI,CAPIZ,MA-AYON,28193,24380,6060,157157
REGION VI,CAPIZ,MAMBUSAO,28901,25146,5520,142654
REGION VI,CAPIZ,PANAY,34099,29842,6048,177807
REGION VI,CAPIZ,PANITAN,28181,24194,5436,150040
REGION VI,CAPIZ,PILAR,29585,25689,5556,158359
REGION VI,CAPIZ,PONTEVEDRA,32823,28113,7536,160645
REGION VI,CAPIZ,PRESIDENT ROXAS,21315,18438,4920,99348
REGION VI,CAPIZ,SAPI-AN,19067,15706,4284,80719
REGION VI,CAPIZ,SIGMA,23201,20180,4740,116779
REGION VI,CAPIZ,TAPAZ,37067,31273,8940,181012
REGION VI,GUIMARAS,BUENAVISTA,36823,32273,6576,168174
REGION VI,GUIMARAS,JORDAN,26628,23848,5796,121929
REGION VI,GUIMARAS,NUEVA VALENCIA,27118,22887,8136,112373
REGION VI,GUIMARAS,SAN LORENZO,18931,16445,2580,102713
REGION VI,GUIMARAS,SIBUNAG,15430,13695,2580,79165
REGION VI,ILOILO,AJUY,36230,31414,7764,187289
REGION VI,ILOILO,ALIMODIAN,25616,22062,5052,123933
REGION VI,ILOILO,ANILAO,19877,17546,3660,99508
REGION VI,ILOILO,BADIANGAN,16649,13839,2376,79350
REGION VI,ILOILO,BALASAN,22647,19854,4536,117166
REGION VI,ILOILO,BANATE,23885,21120,4512,120890
REGION VI,ILOILO,BAROTAC NUEVO,39162,34453,9456,167409
REGION VI,ILOILO,BAROTAC VIEJO,32011,28110,6048,162575
REGION VI,ILOILO,BATAD,15603,13621,2700,78926
REGION VI,ILOILO,BINGAWAN,10181,8686,1308,57245
REGION VI,ILOILO,CABATUAN,36981,31714,6948,161978
REGION VI,ILOILO,CALINOG,40270,31221,8376,188359
REGION VI,ILOILO,CARLES,46777,39159,12636,225509
REGION VI,ILOILO,CITY OF ILOILO,329758,265122,94788,1013502
REGION VI,ILOILO,CITY OF PASSI,58623,49878,11820,288552
REGION VI,ILOILO,CONCEPCION,28927,24659,4836,157488
REGION VI,ILOILO,DINGLE,28060,24594,4788,136905
REGION VI,ILOILO,DUEÑAS,22785,19952,4476,106680
REGION VI,ILOILO,DUMANGAS,50677,45597,11304,241201
REGION VI,ILOILO,ESTANCIA,36518,31846,7596,181170
REGION VI,ILOILO,GUIMBAL,25103,20816,2772,108171
REGION VI,ILOILO,IGBARAS,22105,18035,3312,92864
REGION VI,ILOILO,JANIUAY,41028,35074,9312,192143
REGION VI,ILOILO,LAMBUNAO,43548,35378,7272,205750
REGION VI,ILOILO,LEGANES,24755,21543,5448,103985
REGION VI,ILOILO,LEMERY,22444,19646,3264,125262
REGION VI,ILOILO,LEON,33775,29758,5232,176783
REGION VI,ILOILO,MAASIN,24963,21429,5736,110858
REGION VI,ILOILO,MIAGAO,42582,37582,8904,174098
REGION VI,ILOILO,MINA,15592,13369,2484,77718
REGION VI,ILOILO,NEW LUCENA,16299,13667,2916,71211
REGION VI,ILOILO,OTON,54996,48396,13020,222569
REGION VI,ILOILO,PAVIA,39701,32945,8208,150987
REGION VI,ILOILO,POTOTAN,46521,40232,9972,208228
REGION VI,ILOILO,SAN DIONISIO,26603,22875,6096,130786
REGION VI,ILOILO,SAN ENRIQUE,23393,20279,3996,125805
REGION VI,ILOILO,SAN JOAQUIN,32684,29105,7416,142214
REGION VI,ILOILO,SAN MIGUEL,21223,18938,3912,97833
REGION VI,ILOILO,SAN RAFAEL,12515,10964,1776,69104
REGION VI,ILOILO,SANTA BARBARA,43196,37273,8160,175860
REGION VI,ILOILO,SARA,38464,32878,8256,182844
REGION VI,ILOILO,TIGBAUAN,41879,36290,8136,177406
REGION VI,ILOILO,TUBUNGAN,15170,12911,2688,69336
REGION VI,ILOILO,ZARRAGA,19091,17001,4188,85405
REGION VII,BOHOL,ALBURQUERQUE,8039,7181,1824,29767
REGION VII,BOHOL,ALICIA,18056,15954,3672,68559
REGION VII,BOHOL,ANDA,13774,12132,2208,62470
REGION VII,BOHOL,ANTEQUERA,10559,9668,1836,47494
REGION VII,BOHOL,BACLAYON,14164,12555,2964,48225
REGION VII,BOHOL,BALILIHAN,15251,13815,2820,72262
REGION VII,BOHOL,BATUAN,10601,9585,2028,43054
REGION VII,BOHOL,BIEN UNIDO,19271,16830,4896,84780
REGION VII,BOHOL,BILAR,13738,12191,2676,52273
REGION VII,BOHOL,BUENAVISTA,22943,19612,6984,87779
REGION VII,BOHOL,CALAPE,23428,21411,6060,89924
REGION VII,BOHOL,CANDIJAY,22114,18582,4356,78948
REGION VII,BOHOL,CARMEN,35223,30119,7320,143859
REGION VII,BOHOL,CATIGBIAN,16873,15444,3324,75101
REGION VII,BOHOL,CITY OF TAGBILARAN,74277,64302,16920,213546
REGION VII,BOHOL,CLARIN,16673,13643,3312,59637
REGION VII,BOHOL,CORELLA,6397,5775,876,23514
REGION VII,BOHOL,CORTES,12359,11232,2952,43250
REGION VII,BOHOL,DAGOHOY,14027,12584,3228,58355
REGION VII,BOHOL,DANAO,14409,12808,2988,59882
REGION VII,BOHOL,DAUIS,32679,29204,8664,110468
REGION VII,BOHOL,DIMIAO,11129,9811,2268,34614
REGION VII,BOHOL,DUERO,14421,12658,3048,48432
REGION VII,BOHOL,GARCIA HERNANDEZ,17183,14922,2820,68773
REGION VII,BOHOL,GETAFE,22773,18463,7992,71512
REGION VII,BOHOL,GUINDULMAN,24399,21115,5616,83765
REGION VII,BOHOL,INABANGA,33493,30638,7992,146248
REGION VII,BOHOL,JAGNA,24536,21891,5172,80666
REGION VII,BOHOL,LILA,7910,6887,1572,27783
REGION VII,BOHOL,LOAY,13022,11473,2508,45511
REGION VII,BOHOL,LOBOC,14163,12713,2436,55428
REGION VII,BOHOL,LOON,30645,27349,6612,109581
REGION VII,BOHOL,MABINI,20406,18001,4548,78614
REGION VII,BOHOL,MARIBOJOC,14952,13491,2988,55833
REGION VII,BOHOL,PANGLAO,28837,24228,7116,91844
REGION VII,BOHOL,PILAR,20028,17279,4704,68066
REGION VII,BOHOL,PRESIDENT CARLOS P. GARCIA,17356,14646,3288,85176
REGION VII,BOHOL,SAGBAYAN,17494,14818,4488,60688
REGION VII,BOHOL,SAN ISIDRO,7407,6665,1392,32049
REGION VII,BOHOL,SAN MIGUEL,18216,16333,3516,80180
REGION VII,BOHOL,SEVILLA,8236,7207,1008,34705
REGION VII,BOHOL,SIERRA BULLONES,18517,16356,4524,69910
REGION VII,BOHOL,SIKATUNA,5316,4846,780,19836
REGION VII,BOHOL,TALIBON,45197,40321,12048,162314
REGION VII,BOHOL,TRINIDAD,24564,21753,5124,97976
REGION VII,BOHOL,TUBIGON,33429,29864,7740,117174
REGION VII,BOHOL,UBAY,53114,46191,12744,203638
REGION VII,BOHOL,VALENCIA,19309,17109,4464,71180
REGION VII,CEBU,ALCANTARA,12612,11284,3996,46258
REGION VII,CEBU,ALCOY,14773,13047,4344,68805
REGION VII,CEBU,ALEGRIA,17964,15771,5232,71865
REGION VII,CEBU,ALOGUINSAN,21021,18209,5580,98845
REGION VII,CEBU,ARGAO,56384,50098,17652,222311
REGION VII,CEBU,ASTURIAS,37684,33761,13632,180063
REGION VII,CEBU,BADIAN,28984,26776,8412,143489
REGION VII,CEBU,BALAMBAN,55263,46459,13788,236098
REGION VII,CEBU,BANTAYAN,49851,41858,12864,226495
REGION VII,CEBU,BARILI,58511,47836,18564,210618
REGION VII,CEBU,BOLJOON,12247,10912,2760,58284
REGION VII,CEBU,BORBON,27275,24585,8556,119479
REGION VII,CEBU,CARMEN,40904,35543,12636,155505
REGION VII,CEBU,CATMON,22551,20465,6192,92747
REGION VII,CEBU,CITY OF BOGO,57046,49308,16956,229878
REGION VII,CEBU,CITY OF CARCAR,87040,77809,31680,262104
REGION VII,CEBU,CITY OF CEBU,721469,609789,255492,1573462
REGION VII,CEBU,CITY OF LAPU-LAPU,277288,236317,111636,644835
REGION VII,CEBU,CITY OF MANDAUE,236853,207598,88644,575822
REGION VII,CEBU,CITY OF NAGA,86935,72826,33900,248968
REGION VII,CEBU,CITY OF TALISAY,155392,131558,68904,342272
REGION VII,CEBU,CITY OF TOLEDO,129196,111765,47340,480417
REGION VII,CEBU,COMPOSTELA,39513,35267,13248,126863
REGION VII,CEBU,CONSOLACION,100189,82070,31092,231417
REGION VII,CEBU,CORDOVA,53261,45694,17784,156988
REGION VII,CEBU,DAANBANTAYAN,57409,49422,22068,238515
REGION VII,CEBU,DALAGUETE,48912,44682,14064,223602
REGION VII,CEBU,DANAO CITY,99396,86771,34536,370839
REGION VII,CEBU,DUMANJUG,39876,34483,12180,145381
REGION VII,CEBU,GINATILAN,12604,11012,2988,51818
REGION VII,CEBU,LILOAN,87305,74611,30540,203705
REGION VII,CEBU,MADRIDEJOS,30868,26140,8412,149369
REGION VII,CEBU,MALABUYOC,15074,13058,3348,69394
REGION VII,CEBU,MEDELLIN,42006,37047,11664,190699
REGION VII,CEBU,MINGLANILLA,80580,70990,27720,208441
REGION VII,CEBU,MOALBOAL,24546,22165,6840,96847
REGION VII,CEBU,OSLOB,21303,18458,4968,82938
REGION VII,CEBU,PILAR,9607,8521,780,61809
REGION VII,CEBU,PINAMUNGAJAN,49554,43140,16008,211065
REGION VII,CEBU,PORO,19302,17053,4608,89080
REGION VII,CEBU,RONDA,15920,14096,5148,57117
REGION VII,CEBU,SAMBOAN,14612,13424,2424,69123
REGION VII,CEBU,SAN FERNANDO,51416,44094,14244,173711
REGION VII,CEBU,SAN FRANCISCO,39021,31861,12948,139931
REGION VII,CEBU,SAN REMIGIO,44858,40043,14424,183590
REGION VII,CEBU,SANTA FE,22646,19506,6612,99761
REGION VII,CEBU,SANTANDER,13642,11792,2148,51306
REGION VII,CEBU,SIBONGA,34444,30677,9636,128587
REGION VII,CEBU,SOGOD,26198,23299,6612,118015
REGION VII,CEBU,TABOGON,29265,26215,8436,132531
REGION VII,CEBU,TABUELAN,21219,19360,5532,121162
REGION VII,CEBU,TUBURAN,46602,38224,11676,230244
REGION VII,CEBU,TUDELA,8914,7658,1584,36896
REGION VIII,BILIRAN,ALMERIA,12838,11097,2448,59434
REGION VIII,BILIRAN,BILIRAN,13858,11701,2760,70484
REGION VIII,BILIRAN,CABUCGAYAN,15342,13174,3156,82003
REGION VIII,BILIRAN,CAIBIRAN,16966,13860,3756,77922
REGION VIII,BILIRAN,CULABA,10946,8706,1872,50545
REGION VIII,BILIRAN,KAWAYAN,14761,12135,3372,67762
REGION VIII,BILIRAN,MARIPIPI,5150,4263,1452,23288
REGION VIII,BILIRAN,NAVAL,33698,28121,8220,132499
REGION VIII,EASTERN SAMAR,ARTECHE,12160,10595,2256,58579
REGION VIII,EASTERN SAMAR,BALANGIGA,10783,9238,1596,59468
REGION VIII,EASTERN SAMAR,BALANGKAYAN,7924,6908,1704,38775
REGION VIII,EASTERN SAMAR,CAN-AVID,17166,15166,3840,80585
REGION VIII,EASTERN SAMAR,CITY OF BORONGAN,52061,45527,10812,230257
REGION VIII,EASTERN SAMAR,DOLORES,32402,26650,7008,146958
REGION VIII,EASTERN SAMAR,GENERAL MACARTHUR,10705,9206,2220,57011
REGION VIII,EASTERN SAMAR,GIPORLOS,10630,8920,1740,57771
REGION VIII,EASTERN SAMAR,GUIUAN,36365,31763,8700,158320
REGION VIII,EASTERN SAMAR,HERNANI,7047,6054,792,40323
REGION VIII,EASTERN SAMAR,JIPAPAD,7564,6763,1140,47316
REGION VIII,EASTERN SAMAR,LAWAAN,10573,9125,1464,55286
REGION VIII,EASTERN SAMAR,LLORENTE,14419,12621,1356,92220
REGION VIII,EASTERN SAMAR,MASLOG,3173,2713,336,9994
REGION VIII,EASTERN SAMAR,MAYDOLONG,11669,10359,1368,69507
REGION VIII,EASTERN SAMAR,MERCEDES,6297,5567,732,35527
REGION VIII,EASTERN SAMAR,ORAS,29016,24408,5136,147522
REGION VIII,EASTERN SAMAR,QUINAPONDAN,10908,9387,2040,59803
REGION VIII,EASTERN SAMAR,SALCEDO,17253,13882,2568,80451
REGION VIII,EASTERN SAMAR,SAN JULIAN,10852,9405,1488,58749
REGION VIII,EASTERN SAMAR,SAN POLICARPO,12892,11413,1788,79936
REGION VIII,EASTERN SAMAR,SULAT,12213,10410,2304,54559
REGION VIII,EASTERN SAMAR,TAFT,15002,13094,3612,71081
REGION VIII,LEYTE,ABUYOG,41899,34684,9048,177060
REGION VIII,LEYTE,ALANGALANG,39332,33532,8316,203095
REGION VIII,LEYTE,ALBUERA,32251,29332,7152,171035
REGION VIII,LEYTE,BABATNGON,20897,18452,4068,125119
REGION VIII,LEYTE,BARUGO,25771,23109,4476,149829
REGION VIII,LEYTE,BATO,24961,20904,6804,93743
REGION VIII,LEYTE,BURAUEN,36133,30592,6564,193198
REGION VIII,LEYTE,CALUBIAN,25058,21829,4224,134125
REGION VIII,LEYTE,CAPOOCAN,23413,19389,6552,113384
REGION VIII,LEYTE,CARIGARA,38820,32653,8112,169927
REGION VIII,LEYTE,CITY OF BAYBAY,69525,59873,19380,260910
REGION VIII,LEYTE,CITY OF TACLOBAN,146293,119131,33372,554636
REGION VIII,LEYTE,DAGAMI,26145,22586,4032,149822
REGION VIII,LEYTE,DULAG,33410,29189,8100,174375
REGION VIII,LEYTE,HILONGOS,44655,37043,7536,175272
REGION VIII,LEYTE,HINDANG,14590,12097,3012,57508
REGION VIII,LEYTE,INOPACAN,17840,15557,2220,103527
REGION VIII,LEYTE,ISABEL,34770,31302,6216,156567
REGION VIII,LEYTE,JARO,32062,28239,6768,188062
REGION VIII,LEYTE,JAVIER,18087,15223,3228,61934
REGION VIII,LEYTE,JULITA,11450,9917,1932,62148
REGION VIII,LEYTE,KANANGA,40805,36616,10620,210977
REGION VIII,LEYTE,LA PAZ,14748,12861,2148,82175
REGION VIII,LEYTE,LEYTE,29534,25839,6360,183357
REGION VIII,LEYTE,MACARTHUR,16584,14331,3528,91109
REGION VIII,LEYTE,MAHAPLAG,19737,16202,3996,83292
REGION VIII,LEYTE,MATAG-OB,14319,12895,1572,65792
REGION VIII,LEYTE,MATALOM,21918,18149,3432,81926
REGION VIII,LEYTE,MAYORGA,14199,10812,2124,70455
REGION VIII,LEYTE,MERIDA,22709,20824,3792,138520
REGION VIII,LEYTE,ORMOC CITY,161281,140179,39336,689616
REGION VIII,LEYTE,PALO,43669,37339,8916,203394
REGION VIII,LEYTE,PALOMPON,46764,39994,6744,217847
REGION VIII,LEYTE,PASTRANA,15287,13420,2316,95467
REGION VIII,LEYTE,SAN ISIDRO,22867,20523,2736,145713
REGION VIII,LEYTE,SAN MIGUEL,15666,13707,2940,87686
REGION VIII,LEYTE,SANTA FE,15436,13622,3156,83927
REGION VIII,LEYTE,TABANGO,25637,22977,3312,186614
REGION VIII,LEYTE,TABONTABON,10294,9199,1128,66694
REGION VIII,LEYTE,TANAUAN,38759,34325,7980,201406
REGION VIII,LEYTE,TOLOSA,15557,13696,2292,80603
REGION VIII,LEYTE,TUNGA,7210,5957,1092,34270
REGION VIII,LEYTE,VILLABA,30282,26222,6612,140254
REGION VIII,NORTHERN SAMAR,ALLEN,21201,18083,5724,105053
REGION VIII,NORTHERN SAMAR,BIRI,9562,7386,2292,43425
REGION VIII,NORTHERN SAMAR,BOBON,17611,14269,4584,78551
REGION VIII,NORTHERN SAMAR,CAPUL,10333,7462,2292,35160
REGION VIII,NORTHERN SAMAR,CATARMAN,63766,52183,15252,279815
REGION VIII,NORTHERN SAMAR,CATUBIG,26330,17596,4620,93401
REGION VIII,NORTHERN SAMAR,GAMAY,16689,12914,2772,65971
REGION VIII,NORTHERN SAMAR,LAOANG,37615,30843,9492,141905
REGION VIII,NORTHERN SAMAR,LAPINIG,8097,6772,2064,24900
REGION VIII,NORTHERN SAMAR,LAS NAVAS,23476,18217,5832,102897
REGION VIII,NORTHERN SAMAR,LAVEZARES,21400,17433,6360,96057
REGION VIII,NORTHERN SAMAR,LOPE DE VEGA,11765,10098,1944,62276
REGION VIII,NORTHERN SAMAR,MAPANAS,11129,8937,828,68648
REGION VIII,NORTHERN SAMAR,MONDRAGON,29437,23927,7836,126836
REGION VIII,NORTHERN SAMAR,PALAPAG,23269,18762,5604,94376
REGION VIII,NORTHERN SAMAR,PAMBUJAN,21526,17815,4668,114410
REGION VIII,NORTHERN SAMAR,ROSARIO,9361,8114,1896,46889
REGION VIII,NORTHERN SAMAR,SAN ANTONIO,7159,5661,1236,34276
REGION VIII,NORTHERN SAMAR,SAN ISIDRO,19644,14768,5316,80977
REGION VIII,NORTHERN SAMAR,SAN JOSE,13049,10462,3588,52836
REGION VIII,NORTHERN SAMAR,SAN ROQUE,17816,14037,5124,69718
REGION VIII,NORTHERN SAMAR,SAN VICENTE,6087,4966,1116,30161
REGION VIII,NORTHERN SAMAR,SILVINO LOBOS,8277,6624,1284,35765
REGION VIII,NORTHERN SAMAR,VICTORIA,12737,11054,2940,62247
REGION VIII,SAMAR,ALMAGRO,11575,6562,2328,7280
REGION VIII,SAMAR,BASEY,40965,33382,9204,195134
REGION VIII,SAMAR,CALBIGA,18174,14933,4332,56493
REGION VIII,SAMAR,CITY OF CALBAYOG,151946,121003,55020,319515
REGION VIII,SAMAR,CITY OF CATBALOGAN,70642,57109,24012,253496
REGION VIII,SAMAR,DARAM,29283,22185,10956,71919
REGION VIII,SAMAR,GANDARA,29030,22553,8340,55666
REGION VIII,SAMAR,HINABANGAN,12012,10117,2928,47531
REGION VIII,SAMAR,JIABONG,14768,12347,3900,45045
REGION VIII,SAMAR,MARABUT,13556,11479,4308,58369
REGION VIII,SAMAR,MATUGUINAO,6241,5046,1644,6284
REGION VIII,SAMAR,MOTIONG,12064,10261,2508,59821
REGION VIII,SAMAR,PAGSANGHAN,8065,5782,2268,12990
REGION VIII,SAMAR,PARANAS,24414,19379,6852,76723
REGION VIII,SAMAR,PINABACDAO,13450,11301,3552,55527
REGION VIII,SAMAR,SAN JORGE,15976,12732,4884,50528
REGION VIII,SAMAR,SAN JOSE DE BUAN,6109,5374,804,38615
REGION VIII,SAMAR,SAN SEBASTIAN,7746,6342,1860,32900
REGION VIII,SAMAR,SANTA MARGARITA,24881,22634,8916,103891
REGION VIII,SAMAR,SANTA RITA,30628,25295,9780,96100
REGION VIII,SAMAR,SANTO NIÑO,12640,9678,4080,29442
REGION VIII,SAMAR,TAGAPUL-AN,7531,5678,2544,7037
REGION VIII,SAMAR,TALALORA,6987,5711,1752,31194
REGION VIII,SAMAR,TARANGNAN,21871,17851,7008,78423
REGION VIII,SAMAR,VILLAREAL,21480,17691,6324,93286
REGION VIII,SAMAR,ZUMARRAGA,13509,10814,3420,62202
REGION VIII,SOUTHERN LEYTE,ANAHAWAN,6411,5778,936,36966
REGION VIII,SOUTHERN LEYTE,BONTOC,21823,19074,4476,95112
REGION VIII,SOUTHERN LEYTE,CITY OF MAASIN,56852,50108,17088,198429
REGION VIII,SOUTHERN LEYTE,HINUNANGAN,22008,19649,3732,103815
REGION VIII,SOUTHERN LEYTE,HINUNDAYAN,10122,9159,1296,55358
REGION VIII,SOUTHERN LEYTE,LIBAGON,11008,9697,1572,52343
REGION VIII,SOUTHERN LEYTE,LILOAN,15341,13428,2544,77449
REGION VIII,SOUTHERN LEYTE,LIMASAWA,4436,3841,936,15058
REGION VIII,SOUTHERN LEYTE,MACROHON,18719,16840,3780,83700
REGION VIII,SOUTHERN LEYTE,MALITBOG,13277,11644,2376,57019
REGION VIII,SOUTHERN LEYTE,PADRE BURGOS,7831,6958,1788,32555
REGION VIII,SOUTHERN LEYTE,PINTUYAN,8456,7711,1344,48827
REGION VIII,SOUTHERN LEYTE,SAINT BERNARD,18923,16377,4212,77031
REGION VIII,SOUTHERN LEYTE,SAN FRANCISCO,10427,9430,1176,58989
REGION VIII,SOUTHERN LEYTE,SAN JUAN,10962,9920,1896,54737
REGION VIII,SOUTHERN LEYTE,SAN RICARDO,7393,6719,1164,44265
REGION VIII,SOUTHERN LEYTE,SILAGO,10957,9849,1368,64448
REGION VIII,SOUTHERN LEYTE,SOGOD,33259,30234,6108,158258
REGION VIII,SOUTHERN LEYTE,TOMAS OPPUS,11800,10327,1896,52068
REGION X,BUKIDNON,BAUNGON,28419,25367,6912,138853
REGION X,BUKIDNON,CABANGLASAN,24225,21028,4812,110630
REGION X,BUKIDNON,CITY OF MALAYBALAY,124813,102799,25644,458341
REGION X,BUKIDNON,CITY OF VALENCIA,134171,116546,33624,466111
REGION X,BUKIDNON,DAMULOG,21655,17563,3888,101693
REGION X,BUKIDNON,DANGCAGAN,18916,16562,3684,86713
REGION X,BUKIDNON,DON CARLOS,46120,40448,11976,192225
REGION X,BUKIDNON,IMPASUG-ONG,36202,32372,5460,217233
REGION X,BUKIDNON,KADINGILAN,26688,22145,5892,123253
REGION X,BUKIDNON,KALILANGAN,27913,23817,7032,95126
REGION X,BUKIDNON,KIBAWE,28321,25218,6024,140443
REGION X,BUKIDNON,KITAOTAO,33801,27557,7692,140869
REGION X,BUKIDNON,LANTAPAN,41692,35669,8556,197030
REGION X,BUKIDNON,LIBONA,31137,28456,5796,166444
REGION X,BUKIDNON,MALITBOG,20887,19111,3804,133346
REGION X,BUKIDNON,MANOLO FORTICH,67460,60066,14304,305255
REGION X,BUKIDNON,MARAMAG,65837,56645,19212,246270
REGION X,BUKIDNON,PANGANTUCAN,38157,33136,8016,188780
REGION X,BUKIDNON,QUEZON,69719,59038,18912,285159
REGION X,BUKIDNON,SAN FERNANDO,40231,35234,8304,201924
REGION X,BUKIDNON,SUMILAO,19294,17794,2688,121889
REGION X,BUKIDNON,TALAKAG,50078,45161,10128,286269
REGION X,CAMIGUIN,CATARMAN,12507,11229,2280,35768
REGION X,CAMIGUIN,GUINSILIBAN,5419,4925,1056,11844
REGION X,CAMIGUIN,MAHINOG,10919,9720,2952,22880
REGION X,CAMIGUIN,MAMBAJAO,27913,25733,8496,44860
REGION X,CAMIGUIN,SAGAY,9240,8185,1752,25549
REGION X,LANAO DEL NORTE,BACOLOD,15531,12626,3396,37450
REGION X,LANAO DEL NORTE,BALOI,21449,16792,5220,68451
REGION X,LANAO DEL NORTE,BAROY,19290,16174,4680,73088
REGION X,LANAO DEL NORTE,CITY OF ILIGAN,185812,158396,58584,380186
REGION X,LANAO DEL NORTE,KAPATAGAN,34669,29307,8976,111181
REGION X,LANAO DEL NORTE,KAUSWAGAN,14940,12851,4068,48506
REGION X,LANAO DEL NORTE,KOLAMBUGAN,17466,14610,4764,55944
REGION X,LANAO DEL NORTE,LALA,48444,41440,11100,170901
REGION X,LANAO DEL NORTE,LINAMON,12551,10729,3096,35867
REGION X,LANAO DEL NORTE,MAGSAYSAY,12348,8205,2508,41618
REGION X,LANAO DEL NORTE,MAIGO,15229,12614,3948,53751
REGION X,LANAO DEL NORTE,MATUNGAO,8415,6642,1860,32084
REGION X,LANAO DEL NORTE,MUNAI,13423,10726,2208,44919
REGION X,LANAO DEL NORTE,NUNUNGAN,3023,2466,108,18652
REGION X,LANAO DEL NORTE,PANTAO RAGAT,12152,11963,1368,15827
REGION X,LANAO DEL NORTE,PANTAR,11829,8710,960,61347
REGION X,LANAO DEL NORTE,POONA PIAGAPO,12897,10834,1740,79385
REGION X,LANAO DEL NORTE,SALVADOR,13363,12913,3456,14222
REGION X,LANAO DEL NORTE,SAPAD,11860,10576,3660,15601
REGION X,LANAO DEL NORTE,SULTAN NAGA DIMAPORO,29456,27368,7836,32137
REGION X,LANAO DEL NORTE,TAGOLOAN,8846,6888,1488,43855
REGION X,LANAO DEL NORTE,TANGCAL,7004,6541,972,25243
REGION X,LANAO DEL NORTE,TUBOD,31369,26505,9936,104151
REGION X,MISAMIS OCCIDENTAL,ALORAN,20411,16418,4596,48620
REGION X,MISAMIS OCCIDENTAL,BALIANGAO,11906,10024,2652,22989
REGION X,MISAMIS OCCIDENTAL,BONIFACIO,22922,19759,6420,51512
REGION X,MISAMIS OCCIDENTAL,CALAMBA,15751,12859,5052,24876
REGION X,MISAMIS OCCIDENTAL,CITY OF OROQUIETA,53985,42436,12504,135806
REGION X,MISAMIS OCCIDENTAL,CITY OF OZAMIS,99381,84099,27360,110187
REGION X,MISAMIS OCCIDENTAL,CITY OF TANGUB,46336,39656,13656,89737
REGION X,MISAMIS OCCIDENTAL,CLARIN,26372,22579,7524,50402
REGION X,MISAMIS OCCIDENTAL,CONCEPCION,3511,2814,432,5347
REGION X,MISAMIS OCCIDENTAL,DON VICTORIANO CHIONGBIAN,7129,5896,2040,17320
REGION X,MISAMIS OCCIDENTAL,JIMENEZ,22272,19227,3792,66409
REGION X,MISAMIS OCCIDENTAL,LOPEZ JAENA,18771,16039,3348,49924
REGION X,MISAMIS OCCIDENTAL,PANAON,7429,6106,1596,20987
REGION X,MISAMIS OCCIDENTAL,PLARIDEL,31206,26297,4788,113328
REGION X,MISAMIS OCCIDENTAL,SAPANG DALAGA,14982,12114,2784,25668
REGION X,MISAMIS OCCIDENTAL,SINACABAN,15060,11688,3360,20058
REGION X,MISAMIS OCCIDENTAL,TUDELA,19421,16861,4668,36367
REGION X,MISAMIS ORIENTAL,ALUBIJID,22250,20135,5172,102710
REGION X,MISAMIS ORIENTAL,BALINGASAG,52740,46561,14760,220864
REGION X,MISAMIS ORIENTAL,BALINGOAN,9241,8095,1548,45263
REGION X,MISAMIS ORIENTAL,BINUANGAN,7590,6768,1356,36815
REGION X,MISAMIS ORIENTAL,CITY OF CAGAYAN DE ORO,414695,351176,122268,1069166
REGION X,MISAMIS ORIENTAL,CITY OF EL SALVADOR,46809,41926,14604,172010
REGION X,MISAMIS ORIENTAL,CITY OF GINGOOG,96058,83677,24816,407086
REGION X,MISAMIS ORIENTAL,CLAVERIA,38484,33245,9216,178019
REGION X,MISAMIS ORIENTAL,GITAGUM,15828,14301,4092,74860
REGION X,MISAMIS ORIENTAL,INITAO,22793,19445,6720,84049
REGION X,MISAMIS ORIENTAL,JASAAN,39516,33561,8268,147529
REGION X,MISAMIS ORIENTAL,KINOGUITAN,12537,11305,2280,66519
REGION X,MISAMIS ORIENTAL,LAGONGLONG,19028,17237,4428,85817
REGION X,MISAMIS ORIENTAL,LAGUINDINGAN,21128,18932,5292,88854
REGION X,MISAMIS ORIENTAL,LIBERTAD,11180,9915,2652,52443
REGION X,MISAMIS ORIENTAL,LUGAIT,15293,13718,3228,70900
REGION X,MISAMIS ORIENTAL,MAGSAYSAY,24662,21615,6120,115409
REGION X,MISAMIS ORIENTAL,MANTICAO,22125,18618,5568,82545
REGION X,MISAMIS ORIENTAL,MEDINA,26525,23653,6060,114816
REGION X,MISAMIS ORIENTAL,NAAWAN,16357,14385,3600,70205
REGION X,MISAMIS ORIENTAL,OPOL,39343,34000,9816,145755
REGION X,MISAMIS ORIENTAL,SALAY,22374,20051,4380,107477
REGION X,MISAMIS ORIENTAL,SUGBONGCOGON,9758,8899,2016,47525
REGION X,MISAMIS ORIENTAL,TAGOLOAN,49826,42246,13980,171597
REGION X,MISAMIS ORIENTAL,TALISAYAN,20398,18292,4020,106904
REGION X,MISAMIS ORIENTAL,VILLANUEVA,29759,26766,7812,117696
REGION XI,DAVAO DE ORO,COMPOSTELA,61803,54864,14352,227188
REGION XI,DAVAO DE ORO,LAAK,57135,52164,13788,259530
REGION XI,DAVAO DE ORO,MABINI,31560,27855,6744,119854
REGION XI,DAVAO DE ORO,MACO,63871,55260,12336,248650
REGION XI,DAVAO DE ORO,MARAGUSAN,46326,41967,10164,199166
REGION XI,DAVAO DE ORO,MAWAB,29077,26037,6816,114692
REGION XI,DAVAO DE ORO,MONKAYO,67089,59628,16524,283455
REGION XI,DAVAO DE ORO,MONTEVISTA,33780,30194,6408,158899
REGION XI,DAVAO DE ORO,NABUNTURAN,53977,48803,12516,180258
REGION XI,DAVAO DE ORO,NEW BATAAN,36826,33291,7188,170614
REGION XI,DAVAO DE ORO,PANTUKAN,66946,60566,18384,283327
REGION XI,DAVAO DEL NORTE,ASUNCION,42484,35519,9204,144868
REGION XI,DAVAO DEL NORTE,BRAULIO E. DUJALI,22834,18550,5076,70065
REGION XI,DAVAO DEL NORTE,CARMEN,52421,44087,11988,141683
REGION XI,DAVAO DEL NORTE,CITY OF PANABO,131807,109802,35832,310193
REGION XI,DAVAO DEL NORTE,CITY OF TAGUM,177351,146244,44268,432796
REGION XI,DAVAO DEL NORTE,ISLAND GARDEN CITY OF SAMAL,87944,76399,14412,280610
REGION XI,DAVAO DEL NORTE,KAPALONG,52281,44478,14256,148397
REGION XI,DAVAO DEL NORTE,NEW CORELLA,38200,33653,8124,147699
REGION XI,DAVAO DEL NORTE,SAN ISIDRO,20363,17441,3540,78811
REGION XI,DAVAO DEL NORTE,SANTO TOMAS,74990,63276,18324,203975
REGION XI,DAVAO DEL NORTE,TALAINGOD,16774,12876,2232,87468
REGION XI,DAVAO DEL SUR,BANSALAN,50818,39618,10908,134522
REGION XI,DAVAO DEL SUR,CITY OF DAVAO,1006592,777237,204948,1680381
REGION XI,DAVAO DEL SUR,CITY OF DIGOS,117797,94936,32448,263748
REGION XI,DAVAO DEL SUR,HAGONOY,38009,32508,8868,126292
REGION XI,DAVAO DEL SUR,KIBLAWAN,29957,26167,6864,125172
REGION XI,DAVAO DEL SUR,MAGSAYSAY,40313,32235,11304,100410
REGION XI,DAVAO DEL SUR,MALALAG,26106,22025,4644,106501
REGION XI,DAVAO DEL SUR,MATANAO,41053,35759,9744,140074
REGION XI,DAVAO DEL SUR,PADADA,22802,19125,3924,73183
REGION XI,DAVAO DEL SUR,SANTA CRUZ,71060,55789,16476,203800
REGION XI,DAVAO DEL SUR,SULOP,27312,22977,7596,80247
REGION XI,DAVAO OCCIDENTAL,DON MARCELINO,25810,20736,6384,128334
REGION XI,DAVAO OCCIDENTAL,JOSE ABAD SANTOS,52136,35891,8208,257990
REGION XI,DAVAO OCCIDENTAL,MALITA,74037,53425,22140,214429
REGION XI,DAVAO OCCIDENTAL,SANTA MARIA,36062,29624,6144,144040
REGION XI,DAVAO OCCIDENTAL,SARANGANI,17122,11700,2520,79377
REGION XI,DAVAO ORIENTAL,BAGANGA,41592,37205,13068,172223
REGION XI,DAVAO ORIENTAL,BANAYBANAY,33199,26833,7332,105688
REGION XI,DAVAO ORIENTAL,BOSTON,11497,10267,1992,51235
REGION XI,DAVAO ORIENTAL,CARAGA,32350,27670,5136,177848
REGION XI,DAVAO ORIENTAL,CATEEL,33776,28995,6624,156890
REGION XI,DAVAO ORIENTAL,CITY OF MATI,104843,93353,26940,432868
REGION XI,DAVAO ORIENTAL,GOVERNOR GENEROSO,43170,37431,10068,173772
REGION XI,DAVAO ORIENTAL,LUPON,50924,43230,12948,178833
REGION XI,DAVAO ORIENTAL,MANAY,30779,27074,8328,136834
REGION XI,DAVAO ORIENTAL,SAN ISIDRO,26631,23072,5664,104369
REGION XI,DAVAO ORIENTAL,TARRAGONA,24884,21289,6420,120300
REGION XII,COTABATO,ALAMADA,43395,35713,8592,178296
REGION XII,COTABATO,ALEOSAN,23645,19266,4296,100126
REGION XII,COTABATO,ANTIPAS,17871,15538,3048,74199
REGION XII,COTABATO,ARAKAN,32556,26879,6504,109174
REGION XII,COTABATO,BANISILAN,29033,24931,6708,118028
REGION XII,COTABATO,CARMEN,44392,40794,8844,190846
REGION XII,COTABATO,CITY OF KIDAPAWAN,96335,83371,20568,288945
REGION XII,COTABATO,KABACAN,47633,41183,11700,161855
REGION XII,COTABATO,LIBUNGAN,36630,30799,8580,127138
REGION XII,COTABATO,M'LANG,60644,50226,14220,212723
REGION XII,COTABATO,MAGPET,38763,33569,7152,166468
REGION XII,COTABATO,MAKILALA,58896,48796,13020,176196
REGION XII,COTABATO,MATALAM,50942,42318,11328,198996
REGION XII,COTABATO,MIDSAYAP,70866,58895,15804,192947
REGION XII,COTABATO,PIGKAWAYAN,34445,29366,8016,108574
REGION XII,COTABATO,PIKIT,37056,32424,6036,160751
REGION XII,COTABATO,PRESIDENT ROXAS,32383,26644,7476,115783
REGION XII,COTABATO,TULUNAN,42124,34129,9024,154011
REGION XII,SARANGANI,ALABEL,59895,49914,14004,256581
REGION XII,SARANGANI,GLAN,80443,50295,16416,268065
REGION XII,SARANGANI,KIAMBA,40377,33066,13416,154383
REGION XII,SARANGANI,MAASIM,43839,37290,8856,212010
REGION XII,SARANGANI,MAITUM,29827,23112,7668,107087
REGION XII,SARANGANI,MALAPATAN,47752,36139,11004,203311
REGION XII,SARANGANI,MALUNGON,71045,54837,25080,233715
REGION XII,SOUTH COTABATO,BANGA,56428,49208,12504,226101
REGION XII,SOUTH COTABATO,CITY OF GENERAL SANTOS,368454,282996,124440,742779
REGION XII,SOUTH COTABATO,CITY OF KORONADAL,126262,108872,31248,386028
REGION XII,SOUTH COTABATO,LAKE SEBU,49462,38961,12180,177306
REGION XII,SOUTH COTABATO,NORALA,30468,25784,6744,116820
REGION XII,SOUTH COTABATO,POLOMOLOK,114676,96663,32400,324870
REGION XII,SOUTH COTABATO,SANTO NIÑO,25676,21113,5112,95157
REGION XII,SOUTH COTABATO,SURALLAH,56248,47468,11568,212727
REGION XII,SOUTH COTABATO,T'BOLI,59837,51387,14700,263984
REGION XII,SOUTH COTABATO,TAMPAKAN,29735,24572,7512,101004
REGION XII,SOUTH COTABATO,TANTANGAN,28827,25033,5244,119767
REGION XII,SOUTH COTABATO,TUPI,50301,38932,11616,176604
REGION XII,SULTAN KUDARAT,BAGUMBAYAN,45803,36638,8940,192066
REGION XII,SULTAN KUDARAT,CITY OF TACURONG,61843,51158,20760,164436
REGION XII,SULTAN KUDARAT,COLUMBIO,22709,17805,3744,100623
REGION XII,SULTAN KUDARAT,ESPERANZA,46667,35750,9612,181698
REGION XII,SULTAN KUDARAT,ISULAN,73265,55735,22128,189524
REGION XII,SULTAN KUDARAT,KALAMANSIG,31592,25259,6504,145915
REGION XII,SULTAN KUDARAT,LAMBAYONG,51726,45970,9996,234694
REGION XII,SULTAN KUDARAT,LEBAK,59106,41437,12468,196608
REGION XII,SULTAN KUDARAT,LUTAYAN,37184,36121,9396,25549
REGION XII,SULTAN KUDARAT,PALIMBANG,42141,32718,6096,187251
REGION XII,SULTAN KUDARAT,PRESIDENT QUIRINO,28966,28266,5652,155927
REGION XII,SULTAN KUDARAT,SEN. NINOY AQUINO,31183,21250,4224,122182
REGION XIII,AGUSAN DEL NORTE,BUENAVISTA,52245,42142,13500,179510
REGION XIII,AGUSAN DEL NORTE,CARMEN,15408,12630,3492,67866
REGION XIII,AGUSAN DEL NORTE,CITY OF BUTUAN,220694,180745,72252,585235
REGION XIII,AGUSAN DEL NORTE,CITY OF CABADBARAN,54597,44453,16992,113455
REGION XIII,AGUSAN DEL NORTE,JABONGA,17167,14778,3036,72765
REGION XIII,AGUSAN DEL NORTE,KITCHARAO,13625,10980,2892,34999
REGION XIII,AGUSAN DEL NORTE,LAS NIEVES,21354,17560,6048,71552
REGION XIII,AGUSAN DEL NORTE,MAGALLANES,16517,13525,3996,50580
REGION XIII,AGUSAN DEL NORTE,NASIPIT,29798,24054,6768,87571
REGION XIII,AGUSAN DEL NORTE,REMEDIOS T. ROMUALDEZ,13565,10991,2712,49573
REGION XIII,AGUSAN DEL NORTE,SANTIAGO,15159,12248,3528,62174
REGION XIII,AGUSAN DEL NORTE,TUBAY,22257,19172,4152,90108
REGION XIII,AGUSAN DEL SUR,BUNAWAN,23003,18275,6576,55962
REGION XIII,AGUSAN DEL SUR,CITY OF BAYUGAN,64738,52693,17868,208063
REGION XIII,AGUSAN DEL SUR,ESPERANZA,33849,25959,12948,70453
REGION XIII,AGUSAN DEL SUR,LA PAZ,23824,20647,5076,124168
REGION XIII,AGUSAN DEL SUR,LORETO,25966,19246,6528,68627
REGION XIII,AGUSAN DEL SUR,PROSPERIDAD,49236,39409,13656,174922
REGION XIII,AGUSAN DEL SUR,ROSARIO,37015,32177,9528,169409
REGION XIII,AGUSAN DEL SUR,SAN FRANCISCO,50216,39153,10464,163557
REGION XIII,AGUSAN DEL SUR,SAN LUIS,21125,14931,6036,60338
REGION XIII,AGUSAN DEL SUR,SANTA JOSEFA,17502,14676,4020,68533
REGION XIII,AGUSAN DEL SUR,SIBAGAT,22080,19055,3744,107621
REGION XIII,AGUSAN DEL SUR,TALACOGON,23177,18727,5532,95792
REGION XIII,AGUSAN DEL SUR,TRENTO,33779,26448,8400,104678
REGION XIII,AGUSAN DEL SUR,VERUELA,21132,16359,6828,53093
REGION XIII,DINAGAT ISLANDS,BASILISA,14792,12798,3480,67163
REGION XIII,DINAGAT ISLANDS,CAGDIANAO,13114,11523,2832,69072
REGION XIII,DINAGAT ISLANDS,DINAGAT,8828,7570,1896,40966
REGION XIII,DINAGAT ISLANDS,LIBJO,13040,11602,2760,64109
REGION XIII,DINAGAT ISLANDS,LORETO,8150,6760,1248,37129
REGION XIII,DINAGAT ISLANDS,SAN JOSE,16438,14132,4224,65158
REGION XIII,DINAGAT ISLANDS,TUBAJON,6910,6290,684,43898
REGION XIII,SURIGAO DEL NORTE,ALEGRIA,13621,11309,3288,49641
REGION XIII,SURIGAO DEL NORTE,BACUAG,13152,11979,2496,59923
REGION XIII,SURIGAO DEL NORTE,BURGOS,4501,4071,600,26468
REGION XIII,SURIGAO DEL NORTE,CITY OF SURIGAO,108124,96217,35172,407228
REGION XIII,SURIGAO DEL NORTE,CLAVER,33102,28946,9456,119624
REGION XIII,SURIGAO DEL NORTE,DAPA,24658,22194,6720,105458
REGION XIII,SURIGAO DEL NORTE,DEL CARMEN,13341,11869,3408,60073
REGION XIII,SURIGAO DEL NORTE,GENERAL LUNA,20658,18609,5664,93040
REGION XIII,SURIGAO DEL NORTE,GIGAQUIT,14842,13036,3312,70634
REGION XIII,SURIGAO DEL NORTE,MAINIT,21282,18709,5004,85440
REGION XIII,SURIGAO DEL NORTE,MALIMONO,15021,13118,2784,63488
REGION XIII,SURIGAO DEL NORTE,PILAR,8989,8389,1776,45138
REGION XIII,SURIGAO DEL NORTE,PLACER,22183,18984,5628,76065
REGION XIII,SURIGAO DEL NORTE,SAN BENITO,5750,5084,1092,30457
REGION XIII,SURIGAO DEL NORTE,SAN FRANCISCO,14451,12748,3192,60981
REGION XIII,SURIGAO DEL NORTE,SAN ISIDRO,8276,7494,1764,42559
REGION XIII,SURIGAO DEL NORTE,SANTA MONICA,9709,8974,1620,55617
REGION XIII,SURIGAO DEL NORTE,SISON,12042,10746,2172,52322
REGION XIII,SURIGAO DEL NORTE,SOCORRO,17689,16586,4632,49785
REGION XIII,SURIGAO DEL NORTE,TAGANA-AN,14029,12478,3336,65386
REGION XIII,SURIGAO DEL NORTE,TUBOD,11636,10320,2124,46166
REGION XIII,SURIGAO DEL SUR,BAROBO,39312,34546,10116,165189
REGION XIII,SURIGAO DEL SUR,BAYABAS,7226,6442,1068,32954
REGION XIII,SURIGAO DEL SUR,CAGWAIT,15084,13429,3444,64049
REGION XIII,SURIGAO DEL SUR,CANTILAN,25823,21953,6132,92637
REGION XIII,SURIGAO DEL SUR,CARMEN,8629,7671,1668,40343
REGION XIII,SURIGAO DEL SUR,CARRASCAL,18603,16296,5568,70407
REGION XIII,SURIGAO DEL SUR,CITY OF BISLIG,72369,63682,17196,243709
REGION XIII,SURIGAO DEL SUR,CITY OF TANDAG,47996,42222,13272,171836
REGION XIII,SURIGAO DEL SUR,CORTES,14351,12934,2520,62535
REGION XIII,SURIGAO DEL SUR,HINATUAN,33553,29493,6756,149484
REGION XIII,SURIGAO DEL SUR,LANUZA,10245,9042,2292,49161
REGION XIII,SURIGAO DEL SUR,LIANGA,25350,21631,6624,91255
REGION XIII,SURIGAO DEL SUR,LINGIG,24720,21794,5760,119891
REGION XIII,SURIGAO DEL SUR,MADRID,13985,12492,3288,62321
REGION XIII,SURIGAO DEL SUR,MARIHATAG,15490,13583,2844,74568
REGION XIII,SURIGAO DEL SUR,SAN AGUSTIN,15281,13394,2736,64867
REGION XIII,SURIGAO DEL SUR,SAN MIGUEL,28243,24921,7548,134395
REGION XIII,SURIGAO DEL SUR,TAGBINA,30283,27006,6192,148502
REGION XIII,SURIGAO DEL SUR,TAGO,29325,25529,6828,124009
