region,Candidate,Votes
BARMM,"ABALOS, BENHUR (PFP)",155537
BARMM,"ADONIS, JEROME (MKBYN)",15400
BARMM,"AMAD, WILSON (IND)",19796
BARMM,"ANDAMO, NARS ALYN (MKBYN)",13452
BARMM,"AQUINO, BAM (KNP)",214208
BARMM,"ARAMBULO, RONNEL (MKBYN)",22434
BARMM,"ARELLANO, ERNESTO (KTPNAN)",14232
BARMM,"BALLON, ROBERTO (IND)",23817
BARMM,"BINAY, ABBY (NPC)",217924
BARMM,"BONDOC, JIMMY (PDPLBN)",525330
BARMM,"BONG REVILLA,RAMON, JR.(LAKAS)",196605
BARMM,"BOSITA, COLONEL (IND)",69529
BARMM,"BROSAS, ARLENE (MKBYN)",18682
BARMM,"CABONEGRO, ROY (DPP)",12657
BARMM,"CAPUYAN, ALLEN (PPP)",23516
BARMM,"CASIÑO, TEDDY (MKBYN)",18249
BARMM,"CASTRO, TEACHER FRANCE (MKBYN)",18830
BARMM,"CAYETANO, PIA (NP)",186325
BARMM,"D'ANGELO, DAVID (BUNYOG)",10839
BARMM,"DE ALBAN,ATTORNEY ANGELO (IND)",26015
BARMM,"DE GUZMAN, KA LEODY (PLM)",27851
BARMM,"DELA ROSA, BATO (PDPLBN)",865433
BARMM,"DORINGO, NANAY MIMI (MKBYN)",17419
BARMM,"ESCOBAL, ARNEL (PM)",19629
BARMM,"ESPIRITU, LUKE (PLM)",36272
BARMM,"FLORANDA, MODY PISTON (MKBYN)",14356
BARMM,"GAMBOA, MARC LOUIE (IND)",14530
BARMM,"GO, BONG GO    (PDPLBN)",970138
BARMM,"GONZALES, NORBERTO (PDSP)",22777
BARMM,"HINLO, JAYVEE (PDPLBN)",366201
BARMM,"HONASAN, GRINGO (RP)",120583
BARMM,"JOSE, RELLY JR. (KBL)",14488
BARMM,"LACSON, PING (IND)",141436
BARMM,"LAMBINO,  RAUL  (PDPLBN)",436210
BARMM,"LAPID, LITO (NPC)",232666
BARMM,"LEE, MANOY WILBERT (AKSYON)",13164
BARMM,"LIDASAN, AMIRAH (MKBYN)",45044
BARMM,"MARCOLETA, RODANTE (IND)",529953
BARMM,"MARCOS, IMEE R. (NP)",322142
BARMM,"MARQUEZ, NORMAN (IND)",20962
BARMM,"MARTINEZ, ERIC (IND)",23682
BARMM,"MATA, DOC MARITES (IND)",236964
BARMM,"MATULA,  ATTY.  SONNY (WPP)",26597
BARMM,"MAZA, LIZA (MKBYN)",22610
BARMM,"MENDOZA, HEIDI (IND)",51302
BARMM,"MONTEMAYOR,  JOEY  (IND)",13844
BARMM,"MUSTAPHA, SUBAIR (WPP)",81960
BARMM,"OLIVAR, JOSE JESSIE (IND)",14433
BARMM,"ONG, DOC WILLIE (AKSYON)",75352
BARMM,"PACQUIAO, MANNY PACMAN (PFP)",138150
BARMM,"PANGILINAN, KIKO (LP)",188699
BARMM,"QUERUBIN,  ARIEL PORFIRIO (NP)",68803
BARMM,"QUIBOLOY, APOLLO (IND)",282536
BARMM,"RAMOS, DANILO (MKBYN)",30494
BARMM,"REVILLAME, WILLIE WIL (IND)",143998
BARMM,"RODRIGUEZ, ATTY. VIC (IND)",382524
BARMM,"SAHIDULLA, NUR-ANA (IND)",45144
BARMM,"SALVADOR, PHILLIP IPE (PDPLBN)",517686
BARMM,"SOTTO, TITO (NPC)",145699
BARMM,"TAPADO, MICHAEL BONGBONG (PM)",14182
BARMM,"TOLENTINO, FRANCIS TOL (PFP)",108515
BARMM,"TULFO, BEN BITAG (IND)",140559
BARMM,"TULFO, ERWIN (LAKAS)",203668
BARMM,"VALBUENA, MAR MANIBELA (IND)",10933
BARMM,"VERCELES, LEANDRO (IND)",7120
BARMM,"VILLAR, CAMILLE (NP)",310098
CORDILLERA ADMINISTRATIVE REGION,"ABALOS, BENHUR (PFP)",258969
CORDILLERA ADMINISTRATIVE REGION,"ADONIS, JEROME (MKBYN)",12013
CORDILLERA ADMINISTRATIVE REGION,"AMAD, WILSON (IND)",10336
CORDILLERA ADMINISTRATIVE REGION,"ANDAMO, NARS ALYN (MKBYN)",13411
CORDILLERA ADMINISTRATIVE REGION,"AQUINO, BAM (KNP)",245659
CORDILLERA ADMINISTRATIVE REGION,"ARAMBULO, RONNEL (MKBYN)",35561
CORDILLERA ADMINISTRATIVE REGION,"ARELLANO, ERNESTO (KTPNAN)",15511
CORDILLERA ADMINISTRATIVE REGION,"BALLON, ROBERTO (IND)",26703
CORDILLERA ADMINISTRATIVE REGION,"BINAY, ABBY (NPC)",248375
CORDILLERA ADMINISTRATIVE REGION,"BONDOC, JIMMY (PDPLBN)",77515
CORDILLERA ADMINISTRATIVE REGION,"BONG REVILLA,RAMON, JR.(LAKAS)",238925
CORDILLERA ADMINISTRATIVE REGION,"BOSITA, COLONEL (IND)",146020
CORDILLERA ADMINISTRATIVE REGION,"BROSAS, ARLENE (MKBYN)",44425
CORDILLERA ADMINISTRATIVE REGION,"CABONEGRO, ROY (DPP)",5795
CORDILLERA ADMINISTRATIVE REGION,"CAPUYAN, ALLEN (PPP)",49789
CORDILLERA ADMINISTRATIVE REGION,"CASIÑO, TEDDY (MKBYN)",49395
CORDILLERA ADMINISTRATIVE REGION,"CASTRO, TEACHER FRANCE (MKBYN)",43837
CORDILLERA ADMINISTRATIVE REGION,"CAYETANO, PIA (NP)",242627
CORDILLERA ADMINISTRATIVE REGION,"D'ANGELO, DAVID (BUNYOG)",7634
CORDILLERA ADMINISTRATIVE REGION,"DE ALBAN,ATTORNEY ANGELO (IND)",28438
CORDILLERA ADMINISTRATIVE REGION,"DE GUZMAN, KA LEODY (PLM)",37940
CORDILLERA ADMINISTRATIVE REGION,"DELA ROSA, BATO (PDPLBN)",250863
CORDILLERA ADMINISTRATIVE REGION,"DORINGO, NANAY MIMI (MKBYN)",10725
CORDILLERA ADMINISTRATIVE REGION,"ESCOBAL, ARNEL (PM)",11072
CORDILLERA ADMINISTRATIVE REGION,"ESPIRITU, LUKE (PLM)",66040
CORDILLERA ADMINISTRATIVE REGION,"FLORANDA, MODY PISTON (MKBYN)",10236
CORDILLERA ADMINISTRATIVE REGION,"GAMBOA, MARC LOUIE (IND)",9679
CORDILLERA ADMINISTRATIVE REGION,"GO, BONG GO    (PDPLBN)",366647
CORDILLERA ADMINISTRATIVE REGION,"GONZALES, NORBERTO (PDSP)",16269
CORDILLERA ADMINISTRATIVE REGION,"HINLO, JAYVEE (PDPLBN)",44619
CORDILLERA ADMINISTRATIVE REGION,"HONASAN, GRINGO (RP)",125314
CORDILLERA ADMINISTRATIVE REGION,"JOSE, RELLY JR. (KBL)",8375
CORDILLERA ADMINISTRATIVE REGION,"LACSON, PING (IND)",346908
CORDILLERA ADMINISTRATIVE REGION,"LAMBINO,  RAUL  (PDPLBN)",59712
CORDILLERA ADMINISTRATIVE REGION,"LAPID, LITO (NPC)",214546
CORDILLERA ADMINISTRATIVE REGION,"LEE, MANOY WILBERT (AKSYON)",8055
CORDILLERA ADMINISTRATIVE REGION,"LIDASAN, AMIRAH (MKBYN)",8749
CORDILLERA ADMINISTRATIVE REGION,"MARCOLETA, RODANTE (IND)",193572
CORDILLERA ADMINISTRATIVE REGION,"MARCOS, IMEE R. (NP)",360628
CORDILLERA ADMINISTRATIVE REGION,"MARQUEZ, NORMAN (IND)",16530
CORDILLERA ADMINISTRATIVE REGION,"MARTINEZ, ERIC (IND)",13693
CORDILLERA ADMINISTRATIVE REGION,"MATA, DOC MARITES (IND)",38623
CORDILLERA ADMINISTRATIVE REGION,"MATULA,  ATTY.  SONNY (WPP)",39850
CORDILLERA ADMINISTRATIVE REGION,"MAZA, LIZA (MKBYN)",39518
CORDILLERA ADMINISTRATIVE REGION,"MENDOZA, HEIDI (IND)",105260
CORDILLERA ADMINISTRATIVE REGION,"MONTEMAYOR,  JOEY  (IND)",12310
CORDILLERA ADMINISTRATIVE REGION,"MUSTAPHA, SUBAIR (WPP)",4248
CORDILLERA ADMINISTRATIVE REGION,"OLIVAR, JOSE JESSIE (IND)",7385
CORDILLERA ADMINISTRATIVE REGION,"ONG, DOC WILLIE (AKSYON)",107652
CORDILLERA ADMINISTRATIVE REGION,"PACQUIAO, MANNY PACMAN (PFP)",217840
CORDILLERA ADMINISTRATIVE REGION,"PANGILINAN, KIKO (LP)",199294
CORDILLERA ADMINISTRATIVE REGION,"QUERUBIN,  ARIEL PORFIRIO (NP)",74950
CORDILLERA ADMINISTRATIVE REGION,"QUIBOLOY, APOLLO (IND)",33010
CORDILLERA ADMINISTRATIVE REGION,"RAMOS, DANILO (MKBYN)",42655
CORDILLERA ADMINISTRATIVE REGION,"REVILLAME, WILLIE WIL (IND)",144411
CORDILLERA ADMINISTRATIVE REGION,"RODRIGUEZ, ATTY. VIC (IND)",83061
CORDILLERA ADMINISTRATIVE REGION,"SAHIDULLA, NUR-ANA (IND)",4826
CORDILLERA ADMINISTRATIVE REGION,"SALVADOR, PHILLIP IPE (PDPLBN)",87000
CORDILLERA ADMINISTRATIVE REGION,"SOTTO, TITO (NPC)",258820
CORDILLERA ADMINISTRATIVE REGION,"TAPADO, MICHAEL BONGBONG (PM)",9834
CORDILLERA ADMINISTRATIVE REGION,"TOLENTINO, FRANCIS TOL (PFP)",145435
CORDILLERA ADMINISTRATIVE REGION,"TULFO, BEN BITAG (IND)",258012
CORDILLERA ADMINISTRATIVE REGION,"TULFO, ERWIN (LAKAS)",406726
CORDILLERA ADMINISTRATIVE REGION,"VALBUENA, MAR MANIBELA (IND)",11248
CORDILLERA ADMINISTRATIVE REGION,"VERCELES, LEANDRO (IND)",5231
CORDILLERA ADMINISTRATIVE REGION,"VILLAR, CAMILLE (NP)",271149
LAV,"ABALOS, BENHUR (PFP)",3795
LAV,"ADONIS, JEROME (MKBYN)",165
LAV,"AMAD, WILSON (IND)",179
LAV,"ANDAMO, NARS ALYN (MKBYN)",162
LAV,"AQUINO, BAM (KNP)",6314
LAV,"ARAMBULO, RONNEL (MKBYN)",438
LAV,"ARELLANO, ERNESTO (KTPNAN)",195
LAV,"BALLON, ROBERTO (IND)",403
LAV,"BINAY, ABBY (NPC)",5048
LAV,"BONDOC, JIMMY (PDPLBN)",32784
LAV,"BONG REVILLA,RAMON, JR.(LAKAS)",2664
LAV,"BOSITA, COLONEL (IND)",15174
LAV,"BROSAS, ARLENE (MKBYN)",719
LAV,"CABONEGRO, ROY (DPP)",98
LAV,"CAPUYAN, ALLEN (PPP)",1592
LAV,"CASIÑO, TEDDY (MKBYN)",1043
LAV,"CASTRO, TEACHER FRANCE (MKBYN)",1138
LAV,"CAYETANO, PIA (NP)",8047
LAV,"D'ANGELO, DAVID (BUNYOG)",144
LAV,"DE ALBAN,ATTORNEY ANGELO (IND)",843
LAV,"DE GUZMAN, KA LEODY (PLM)",1034
LAV,"DELA ROSA, BATO (PDPLBN)",44818
LAV,"DORINGO, NANAY MIMI (MKBYN)",167
LAV,"ESCOBAL, ARNEL (PM)",1282
LAV,"ESPIRITU, LUKE (PLM)",1527
LAV,"FLORANDA, MODY PISTON (MKBYN)",159
LAV,"GAMBOA, MARC LOUIE (IND)",386
LAV,"GO, BONG GO    (PDPLBN)",45581
LAV,"GONZALES, NORBERTO (PDSP)",1171
LAV,"HINLO, JAYVEE (PDPLBN)",26280
LAV,"HONASAN, GRINGO (RP)",18186
LAV,"JOSE, RELLY JR. (KBL)",109
LAV,"LACSON, PING (IND)",13934
LAV,"LAMBINO,  RAUL  (PDPLBN)",28765
LAV,"LAPID, LITO (NPC)",4497
LAV,"LEE, MANOY WILBERT (AKSYON)",417
LAV,"LIDASAN, AMIRAH (MKBYN)",440
LAV,"MARCOLETA, RODANTE (IND)",34543
LAV,"MARCOS, IMEE R. (NP)",14103
LAV,"MARQUEZ, NORMAN (IND)",594
LAV,"MARTINEZ, ERIC (IND)",664
LAV,"MATA, DOC MARITES (IND)",14431
LAV,"MATULA,  ATTY.  SONNY (WPP)",1143
LAV,"MAZA, LIZA (MKBYN)",553
LAV,"MENDOZA, HEIDI (IND)",2714
LAV,"MONTEMAYOR,  JOEY  (IND)",344
LAV,"MUSTAPHA, SUBAIR (WPP)",394
LAV,"OLIVAR, JOSE JESSIE (IND)",209
LAV,"ONG, DOC WILLIE (AKSYON)",11673
LAV,"PACQUIAO, MANNY PACMAN (PFP)",6517
LAV,"PANGILINAN, KIKO (LP)",4269
LAV,"QUERUBIN,  ARIEL PORFIRIO (NP)",23627
LAV,"QUIBOLOY, APOLLO (IND)",20122
LAV,"RAMOS, DANILO (MKBYN)",657
LAV,"REVILLAME, WILLIE WIL (IND)",9236
LAV,"RODRIGUEZ, ATTY. VIC (IND)",26856
LAV,"SAHIDULLA, NUR-ANA (IND)",920
LAV,"SALVADOR, PHILLIP IPE (PDPLBN)",25814
LAV,"SOTTO, TITO (NPC)",7130
LAV,"TAPADO, MICHAEL BONGBONG (PM)",105
LAV,"TOLENTINO, FRANCIS TOL (PFP)",6039
LAV,"TULFO, BEN BITAG (IND)",6142
LAV,"TULFO, ERWIN (LAKAS)",8459
LAV,"VALBUENA, MAR MANIBELA (IND)",252
LAV,"VERCELES, LEANDRO (IND)",185
LAV,"VILLAR, CAMILLE (NP)",10011
NATIONAL CAPITAL REGION,"ABALOS, BENHUR (PFP)",1557984
NATIONAL CAPITAL REGION,"ADONIS, JEROME (MKBYN)",99966
NATIONAL CAPITAL REGION,"AMAD, WILSON (IND)",54309
NATIONAL CAPITAL REGION,"ANDAMO, NARS ALYN (MKBYN)",149723
NATIONAL CAPITAL REGION,"AQUINO, BAM (KNP)",3297912
NATIONAL CAPITAL REGION,"ARAMBULO, RONNEL (MKBYN)",896623
NATIONAL CAPITAL REGION,"ARELLANO, ERNESTO (KTPNAN)",86142
NATIONAL CAPITAL REGION,"BALLON, ROBERTO (IND)",498793
NATIONAL CAPITAL REGION,"BINAY, ABBY (NPC)",1598094
NATIONAL CAPITAL REGION,"BONDOC, JIMMY (PDPLBN)",992006
NATIONAL CAPITAL REGION,"BONG REVILLA,RAMON, JR.(LAKAS)",996166
NATIONAL CAPITAL REGION,"BOSITA, COLONEL (IND)",1739220
NATIONAL CAPITAL REGION,"BROSAS, ARLENE (MKBYN)",1084684
NATIONAL CAPITAL REGION,"CABONEGRO, ROY (DPP)",34559
NATIONAL CAPITAL REGION,"CAPUYAN, ALLEN (PPP)",58129
NATIONAL CAPITAL REGION,"CASIÑO, TEDDY (MKBYN)",1181095
NATIONAL CAPITAL REGION,"CASTRO, TEACHER FRANCE (MKBYN)",874284
NATIONAL CAPITAL REGION,"CAYETANO, PIA (NP)",1900320
NATIONAL CAPITAL REGION,"D'ANGELO, DAVID (BUNYOG)",92577
NATIONAL CAPITAL REGION,"DE ALBAN,ATTORNEY ANGELO (IND)",563507
NATIONAL CAPITAL REGION,"DE GUZMAN, KA LEODY (PLM)",976113
NATIONAL CAPITAL REGION,"DELA ROSA, BATO (PDPLBN)",1981680
NATIONAL CAPITAL REGION,"DORINGO, NANAY MIMI (MKBYN)",118212
NATIONAL CAPITAL REGION,"ESCOBAL, ARNEL (PM)",76594
NATIONAL CAPITAL REGION,"ESPIRITU, LUKE (PLM)",1471719
NATIONAL CAPITAL REGION,"FLORANDA, MODY PISTON (MKBYN)",78122
NATIONAL CAPITAL REGION,"GAMBOA, MARC LOUIE (IND)",66005
NATIONAL CAPITAL REGION,"GO, BONG GO    (PDPLBN)",2874915
NATIONAL CAPITAL REGION,"GONZALES, NORBERTO (PDSP)",133941
NATIONAL CAPITAL REGION,"HINLO, JAYVEE (PDPLBN)",569156
NATIONAL CAPITAL REGION,"HONASAN, GRINGO (RP)",993504
NATIONAL CAPITAL REGION,"JOSE, RELLY JR. (KBL)",36952
NATIONAL CAPITAL REGION,"LACSON, PING (IND)",2192629
NATIONAL CAPITAL REGION,"LAMBINO,  RAUL  (PDPLBN)",680392
NATIONAL CAPITAL REGION,"LAPID, LITO (NPC)",1102917
NATIONAL CAPITAL REGION,"LEE, MANOY WILBERT (AKSYON)",79409
NATIONAL CAPITAL REGION,"LIDASAN, AMIRAH (MKBYN)",97075
NATIONAL CAPITAL REGION,"MARCOLETA, RODANTE (IND)",1696864
NATIONAL CAPITAL REGION,"MARCOS, IMEE R. (NP)",1477418
NATIONAL CAPITAL REGION,"MARQUEZ, NORMAN (IND)",198588
NATIONAL CAPITAL REGION,"MARTINEZ, ERIC (IND)",250289
NATIONAL CAPITAL REGION,"MATA, DOC MARITES (IND)",556953
NATIONAL CAPITAL REGION,"MATULA,  ATTY.  SONNY (WPP)",928771
NATIONAL CAPITAL REGION,"MAZA, LIZA (MKBYN)",967089
NATIONAL CAPITAL REGION,"MENDOZA, HEIDI (IND)",1902739
NATIONAL CAPITAL REGION,"MONTEMAYOR,  JOEY  (IND)",84688
NATIONAL CAPITAL REGION,"MUSTAPHA, SUBAIR (WPP)",29172
NATIONAL CAPITAL REGION,"OLIVAR, JOSE JESSIE (IND)",41627
NATIONAL CAPITAL REGION,"ONG, DOC WILLIE (AKSYON)",1299670
NATIONAL CAPITAL REGION,"PACQUIAO, MANNY PACMAN (PFP)",1080421
NATIONAL CAPITAL REGION,"PANGILINAN, KIKO (LP)",2420142
NATIONAL CAPITAL REGION,"QUERUBIN,  ARIEL PORFIRIO (NP)",621393
NATIONAL CAPITAL REGION,"QUIBOLOY, APOLLO (IND)",408082
NATIONAL CAPITAL REGION,"RAMOS, DANILO (MKBYN)",930986
NATIONAL CAPITAL REGION,"REVILLAME, WILLIE WIL (IND)",722946
NATIONAL CAPITAL REGION,"RODRIGUEZ, ATTY. VIC (IND)",889427
NATIONAL CAPITAL REGION,"SAHIDULLA, NUR-ANA (IND)",43767
NATIONAL CAPITAL REGION,"SALVADOR, PHILLIP IPE (PDPLBN)",653022
NATIONAL CAPITAL REGION,"SOTTO, TITO (NPC)",2099090
NATIONAL CAPITAL REGION,"TAPADO, MICHAEL BONGBONG (PM)",31824
NATIONAL CAPITAL REGION,"TOLENTINO, FRANCIS TOL (PFP)",1004671
NATIONAL CAPITAL REGION,"TULFO, BEN BITAG (IND)",1505812
NATIONAL CAPITAL REGION,"TULFO, ERWIN (LAKAS)",1930060
NATIONAL CAPITAL REGION,"VALBUENA, MAR MANIBELA (IND)",86772
NATIONAL CAPITAL REGION,"VERCELES, LEANDRO (IND)",38461
NATIONAL CAPITAL REGION,"VILLAR, CAMILLE (NP)",1159383
NIR,"ABALOS, BENHUR (PFP)",526987
NIR,"ADONIS, JEROME (MKBYN)",54228
NIR,"AMAD, WILSON (IND)",40921
NIR,"ANDAMO, NARS ALYN (MKBYN)",42795
NIR,"AQUINO, BAM (KNP)",904436
NIR,"ARAMBULO, RONNEL (MKBYN)",108544
NIR,"ARELLANO, ERNESTO (KTPNAN)",50314
NIR,"BALLON, ROBERTO (IND)",79320
NIR,"BINAY, ABBY (NPC)",569442
NIR,"BONDOC, JIMMY (PDPLBN)",287785
NIR,"BONG REVILLA,RAMON, JR.(LAKAS)",505924
NIR,"BOSITA, COLONEL (IND)",268202
NIR,"BROSAS, ARLENE (MKBYN)",119022
NIR,"CABONEGRO, ROY (DPP)",20991
NIR,"CAPUYAN, ALLEN (PPP)",31714
NIR,"CASIÑO, TEDDY (MKBYN)",133905
NIR,"CASTRO, TEACHER FRANCE (MKBYN)",128096
NIR,"CAYETANO, PIA (NP)",630850
NIR,"D'ANGELO, DAVID (BUNYOG)",33618
NIR,"DE ALBAN,ATTORNEY ANGELO (IND)",74953
NIR,"DE GUZMAN, KA LEODY (PLM)",123688
NIR,"DELA ROSA, BATO (PDPLBN)",730389
NIR,"DORINGO, NANAY MIMI (MKBYN)",35812
NIR,"ESCOBAL, ARNEL (PM)",35378
NIR,"ESPIRITU, LUKE (PLM)",209771
NIR,"FLORANDA, MODY PISTON (MKBYN)",28635
NIR,"GAMBOA, MARC LOUIE (IND)",38131
NIR,"GO, BONG GO    (PDPLBN)",995663
NIR,"GONZALES, NORBERTO (PDSP)",45821
NIR,"HINLO, JAYVEE (PDPLBN)",217586
NIR,"HONASAN, GRINGO (RP)",211248
NIR,"JOSE, RELLY JR. (KBL)",25011
NIR,"LACSON, PING (IND)",681580
NIR,"LAMBINO,  RAUL  (PDPLBN)",196027
NIR,"LAPID, LITO (NPC)",605768
NIR,"LEE, MANOY WILBERT (AKSYON)",29671
NIR,"LIDASAN, AMIRAH (MKBYN)",22229
NIR,"MARCOLETA, RODANTE (IND)",441652
NIR,"MARCOS, IMEE R. (NP)",485762
NIR,"MARQUEZ, NORMAN (IND)",46091
NIR,"MARTINEZ, ERIC (IND)",45725
NIR,"MATA, DOC MARITES (IND)",145184
NIR,"MATULA,  ATTY.  SONNY (WPP)",112996
NIR,"MAZA, LIZA (MKBYN)",106171
NIR,"MENDOZA, HEIDI (IND)",238670
NIR,"MONTEMAYOR,  JOEY  (IND)",33565
NIR,"MUSTAPHA, SUBAIR (WPP)",14089
NIR,"OLIVAR, JOSE JESSIE (IND)",24681
NIR,"ONG, DOC WILLIE (AKSYON)",261933
NIR,"PACQUIAO, MANNY PACMAN (PFP)",612870
NIR,"PANGILINAN, KIKO (LP)",641002
NIR,"QUERUBIN,  ARIEL PORFIRIO (NP)",110006
NIR,"QUIBOLOY, APOLLO (IND)",132953
NIR,"RAMOS, DANILO (MKBYN)",116021
NIR,"REVILLAME, WILLIE WIL (IND)",409617
NIR,"RODRIGUEZ, ATTY. VIC (IND)",225674
NIR,"SAHIDULLA, NUR-ANA (IND)",16339
NIR,"SALVADOR, PHILLIP IPE (PDPLBN)",314165
NIR,"SOTTO, TITO (NPC)",572638
NIR,"TAPADO, MICHAEL BONGBONG (PM)",28298
NIR,"TOLENTINO, FRANCIS TOL (PFP)",322071
NIR,"TULFO, BEN BITAG (IND)",608460
NIR,"TULFO, ERWIN (LAKAS)",855138
NIR,"VALBUENA, MAR MANIBELA (IND)",30345
NIR,"VERCELES, LEANDRO (IND)",12344
NIR,"VILLAR, CAMILLE (NP)",609750
OAV,"ABALOS, BENHUR (PFP)",39428
OAV,"ADONIS, JEROME (MKBYN)",3336
OAV,"AMAD, WILSON (IND)",1179
OAV,"ANDAMO, NARS ALYN (MKBYN)",3996
OAV,"AQUINO, BAM (KNP)",71361
OAV,"ARAMBULO, RONNEL (MKBYN)",11507
OAV,"ARELLANO, ERNESTO (KTPNAN)",2295
OAV,"BALLON, ROBERTO (IND)",7543
OAV,"BINAY, ABBY (NPC)",30532
OAV,"BONDOC, JIMMY (PDPLBN)",106724
OAV,"BONG REVILLA,RAMON, JR.(LAKAS)",16643
OAV,"BOSITA, COLONEL (IND)",31735
OAV,"BROSAS, ARLENE (MKBYN)",23132
OAV,"CABONEGRO, ROY (DPP)",984
OAV,"CAPUYAN, ALLEN (PPP)",3317
OAV,"CASIÑO, TEDDY (MKBYN)",28104
OAV,"CASTRO, TEACHER FRANCE (MKBYN)",27082
OAV,"CAYETANO, PIA (NP)",49039
OAV,"D'ANGELO, DAVID (BUNYOG)",3436
OAV,"DE ALBAN,ATTORNEY ANGELO (IND)",7203
OAV,"DE GUZMAN, KA LEODY (PLM)",22714
OAV,"DELA ROSA, BATO (PDPLBN)",137120
OAV,"DORINGO, NANAY MIMI (MKBYN)",2783
OAV,"ESCOBAL, ARNEL (PM)",1346
OAV,"ESPIRITU, LUKE (PLM)",38234
OAV,"FLORANDA, MODY PISTON (MKBYN)",1939
OAV,"GAMBOA, MARC LOUIE (IND)",3347
OAV,"GO, BONG GO    (PDPLBN)",146207
OAV,"GONZALES, NORBERTO (PDSP)",10611
OAV,"HINLO, JAYVEE (PDPLBN)",90720
OAV,"HONASAN, GRINGO (RP)",68881
OAV,"JOSE, RELLY JR. (KBL)",639
OAV,"LACSON, PING (IND)",64883
OAV,"LAMBINO,  RAUL  (PDPLBN)",94840
OAV,"LAPID, LITO (NPC)",20424
OAV,"LEE, MANOY WILBERT (AKSYON)",1230
OAV,"LIDASAN, AMIRAH (MKBYN)",3437
OAV,"MARCOLETA, RODANTE (IND)",131479
OAV,"MARCOS, IMEE R. (NP)",59514
OAV,"MARQUEZ, NORMAN (IND)",3681
OAV,"MARTINEZ, ERIC (IND)",2743
OAV,"MATA, DOC MARITES (IND)",75493
OAV,"MATULA,  ATTY.  SONNY (WPP)",20872
OAV,"MAZA, LIZA (MKBYN)",17330
OAV,"MENDOZA, HEIDI (IND)",53974
OAV,"MONTEMAYOR,  JOEY  (IND)",2437
OAV,"MUSTAPHA, SUBAIR (WPP)",785
OAV,"OLIVAR, JOSE JESSIE (IND)",976
OAV,"ONG, DOC WILLIE (AKSYON)",50027
OAV,"PACQUIAO, MANNY PACMAN (PFP)",32045
OAV,"PANGILINAN, KIKO (LP)",64094
OAV,"QUERUBIN,  ARIEL PORFIRIO (NP)",25885
OAV,"QUIBOLOY, APOLLO (IND)",71051
OAV,"RAMOS, DANILO (MKBYN)",13735
OAV,"REVILLAME, WILLIE WIL (IND)",20104
OAV,"RODRIGUEZ, ATTY. VIC (IND)",98864
OAV,"SAHIDULLA, NUR-ANA (IND)",1743
OAV,"SALVADOR, PHILLIP IPE (PDPLBN)",79596
OAV,"SOTTO, TITO (NPC)",55458
OAV,"TAPADO, MICHAEL BONGBONG (PM)",557
OAV,"TOLENTINO, FRANCIS TOL (PFP)",28635
OAV,"TULFO, BEN BITAG (IND)",33694
OAV,"TULFO, ERWIN (LAKAS)",48910
OAV,"VALBUENA, MAR MANIBELA (IND)",1463
OAV,"VERCELES, LEANDRO (IND)",1651
OAV,"VILLAR, CAMILLE (NP)",46639
REGION I,"ABALOS, BENHUR (PFP)",934485
REGION I,"ADONIS, JEROME (MKBYN)",33185
REGION I,"AMAD, WILSON (IND)",29327
REGION I,"ANDAMO, NARS ALYN (MKBYN)",39700
REGION I,"AQUINO, BAM (KNP)",1085063
REGION I,"ARAMBULO, RONNEL (MKBYN)",195180
REGION I,"ARELLANO, ERNESTO (KTPNAN)",44232
REGION I,"BALLON, ROBERTO (IND)",125518
REGION I,"BINAY, ABBY (NPC)",781313
REGION I,"BONDOC, JIMMY (PDPLBN)",167704
REGION I,"BONG REVILLA,RAMON, JR.(LAKAS)",788947
REGION I,"BOSITA, COLONEL (IND)",630066
REGION I,"BROSAS, ARLENE (MKBYN)",208766
REGION I,"CABONEGRO, ROY (DPP)",17227
REGION I,"CAPUYAN, ALLEN (PPP)",30612
REGION I,"CASIÑO, TEDDY (MKBYN)",206419
REGION I,"CASTRO, TEACHER FRANCE (MKBYN)",159944
REGION I,"CAYETANO, PIA (NP)",891367
REGION I,"D'ANGELO, DAVID (BUNYOG)",29058
REGION I,"DE ALBAN,ATTORNEY ANGELO (IND)",133975
REGION I,"DE GUZMAN, KA LEODY (PLM)",192981
REGION I,"DELA ROSA, BATO (PDPLBN)",581009
REGION I,"DORINGO, NANAY MIMI (MKBYN)",35321
REGION I,"ESCOBAL, ARNEL (PM)",38284
REGION I,"ESPIRITU, LUKE (PLM)",325238
REGION I,"FLORANDA, MODY PISTON (MKBYN)",28273
REGION I,"GAMBOA, MARC LOUIE (IND)",30997
REGION I,"GO, BONG GO    (PDPLBN)",961140
REGION I,"GONZALES, NORBERTO (PDSP)",43401
REGION I,"HINLO, JAYVEE (PDPLBN)",84469
REGION I,"HONASAN, GRINGO (RP)",325777
REGION I,"JOSE, RELLY JR. (KBL)",26660
REGION I,"LACSON, PING (IND)",942339
REGION I,"LAMBINO,  RAUL  (PDPLBN)",299499
REGION I,"LAPID, LITO (NPC)",861695
REGION I,"LEE, MANOY WILBERT (AKSYON)",30985
REGION I,"LIDASAN, AMIRAH (MKBYN)",22121
REGION I,"MARCOLETA, RODANTE (IND)",533339
REGION I,"MARCOS, IMEE R. (NP)",1218422
REGION I,"MARQUEZ, NORMAN (IND)",60941
REGION I,"MARTINEZ, ERIC (IND)",41382
REGION I,"MATA, DOC MARITES (IND)",94578
REGION I,"MATULA,  ATTY.  SONNY (WPP)",176567
REGION I,"MAZA, LIZA (MKBYN)",191932
REGION I,"MENDOZA, HEIDI (IND)",468481
REGION I,"MONTEMAYOR,  JOEY  (IND)",38888
REGION I,"MUSTAPHA, SUBAIR (WPP)",13894
REGION I,"OLIVAR, JOSE JESSIE (IND)",21160
REGION I,"ONG, DOC WILLIE (AKSYON)",397046
REGION I,"PACQUIAO, MANNY PACMAN (PFP)",545865
REGION I,"PANGILINAN, KIKO (LP)",839211
REGION I,"QUERUBIN,  ARIEL PORFIRIO (NP)",234256
REGION I,"QUIBOLOY, APOLLO (IND)",81218
REGION I,"RAMOS, DANILO (MKBYN)",214014
REGION I,"REVILLAME, WILLIE WIL (IND)",514702
REGION I,"RODRIGUEZ, ATTY. VIC (IND)",173775
REGION I,"SAHIDULLA, NUR-ANA (IND)",14031
REGION I,"SALVADOR, PHILLIP IPE (PDPLBN)",222586
REGION I,"SOTTO, TITO (NPC)",1024610
REGION I,"TAPADO, MICHAEL BONGBONG (PM)",27258
REGION I,"TOLENTINO, FRANCIS TOL (PFP)",439886
REGION I,"TULFO, BEN BITAG (IND)",869695
REGION I,"TULFO, ERWIN (LAKAS)",1188353
REGION I,"VALBUENA, MAR MANIBELA (IND)",30437
REGION I,"VERCELES, LEANDRO (IND)",13657
REGION I,"VILLAR, CAMILLE (NP)",758045
REGION II,"ABALOS, BENHUR (PFP)",497697
REGION II,"ADONIS, JEROME (MKBYN)",22893
REGION II,"AMAD, WILSON (IND)",19776
REGION II,"ANDAMO, NARS ALYN (MKBYN)",24410
REGION II,"AQUINO, BAM (KNP)",662950
REGION II,"ARAMBULO, RONNEL (MKBYN)",101318
REGION II,"ARELLANO, ERNESTO (KTPNAN)",29847
REGION II,"BALLON, ROBERTO (IND)",67802
REGION II,"BINAY, ABBY (NPC)",574852
REGION II,"BONDOC, JIMMY (PDPLBN)",97504
REGION II,"BONG REVILLA,RAMON, JR.(LAKAS)",544489
REGION II,"BOSITA, COLONEL (IND)",342351
REGION II,"BROSAS, ARLENE (MKBYN)",112962
REGION II,"CABONEGRO, ROY (DPP)",11341
REGION II,"CAPUYAN, ALLEN (PPP)",23666
REGION II,"CASIÑO, TEDDY (MKBYN)",110433
REGION II,"CASTRO, TEACHER FRANCE (MKBYN)",94088
REGION II,"CAYETANO, PIA (NP)",549903
REGION II,"D'ANGELO, DAVID (BUNYOG)",16294
REGION II,"DE ALBAN,ATTORNEY ANGELO (IND)",87590
REGION II,"DE GUZMAN, KA LEODY (PLM)",105193
REGION II,"DELA ROSA, BATO (PDPLBN)",373434
REGION II,"DORINGO, NANAY MIMI (MKBYN)",21061
REGION II,"ESCOBAL, ARNEL (PM)",23493
REGION II,"ESPIRITU, LUKE (PLM)",173787
REGION II,"FLORANDA, MODY PISTON (MKBYN)",19641
REGION II,"GAMBOA, MARC LOUIE (IND)",18225
REGION II,"GO, BONG GO    (PDPLBN)",700631
REGION II,"GONZALES, NORBERTO (PDSP)",28173
REGION II,"HINLO, JAYVEE (PDPLBN)",49403
REGION II,"HONASAN, GRINGO (RP)",238286
REGION II,"JOSE, RELLY JR. (KBL)",16752
REGION II,"LACSON, PING (IND)",633204
REGION II,"LAMBINO,  RAUL  (PDPLBN)",61516
REGION II,"LAPID, LITO (NPC)",563603
REGION II,"LEE, MANOY WILBERT (AKSYON)",17799
REGION II,"LIDASAN, AMIRAH (MKBYN)",12661
REGION II,"MARCOLETA, RODANTE (IND)",345766
REGION II,"MARCOS, IMEE R. (NP)",699682
REGION II,"MARQUEZ, NORMAN (IND)",30574
REGION II,"MARTINEZ, ERIC (IND)",25060
REGION II,"MATA, DOC MARITES (IND)",52301
REGION II,"MATULA,  ATTY.  SONNY (WPP)",94161
REGION II,"MAZA, LIZA (MKBYN)",98326
REGION II,"MENDOZA, HEIDI (IND)",244255
REGION II,"MONTEMAYOR,  JOEY  (IND)",21943
REGION II,"MUSTAPHA, SUBAIR (WPP)",7899
REGION II,"OLIVAR, JOSE JESSIE (IND)",13860
REGION II,"ONG, DOC WILLIE (AKSYON)",202040
REGION II,"PACQUIAO, MANNY PACMAN (PFP)",400538
REGION II,"PANGILINAN, KIKO (LP)",498602
REGION II,"QUERUBIN,  ARIEL PORFIRIO (NP)",106068
REGION II,"QUIBOLOY, APOLLO (IND)",48234
REGION II,"RAMOS, DANILO (MKBYN)",115868
REGION II,"REVILLAME, WILLIE WIL (IND)",322571
REGION II,"RODRIGUEZ, ATTY. VIC (IND)",106627
REGION II,"SAHIDULLA, NUR-ANA (IND)",8334
REGION II,"SALVADOR, PHILLIP IPE (PDPLBN)",151186
REGION II,"SOTTO, TITO (NPC)",581624
REGION II,"TAPADO, MICHAEL BONGBONG (PM)",19854
REGION II,"TOLENTINO, FRANCIS TOL (PFP)",278481
REGION II,"TULFO, BEN BITAG (IND)",567202
REGION II,"TULFO, ERWIN (LAKAS)",764459
REGION II,"VALBUENA, MAR MANIBELA (IND)",19199
REGION II,"VERCELES, LEANDRO (IND)",7554
REGION II,"VILLAR, CAMILLE (NP)",542227
REGION III,"ABALOS, BENHUR (PFP)",1650051
REGION III,"ADONIS, JEROME (MKBYN)",79388
REGION III,"AMAD, WILSON (IND)",54461
REGION III,"ANDAMO, NARS ALYN (MKBYN)",104184
REGION III,"AQUINO, BAM (KNP)",3099489
REGION III,"ARAMBULO, RONNEL (MKBYN)",616113
REGION III,"ARELLANO, ERNESTO (KTPNAN)",85886
REGION III,"BALLON, ROBERTO (IND)",365838
REGION III,"BINAY, ABBY (NPC)",1387477
REGION III,"BONDOC, JIMMY (PDPLBN)",597767
REGION III,"BONG REVILLA,RAMON, JR.(LAKAS)",1568797
REGION III,"BOSITA, COLONEL (IND)",1469537
REGION III,"BROSAS, ARLENE (MKBYN)",668756
REGION III,"CABONEGRO, ROY (DPP)",35517
REGION III,"CAPUYAN, ALLEN (PPP)",68111
REGION III,"CASIÑO, TEDDY (MKBYN)",703146
REGION III,"CASTRO, TEACHER FRANCE (MKBYN)",518960
REGION III,"CAYETANO, PIA (NP)",1891062
REGION III,"D'ANGELO, DAVID (BUNYOG)",72553
REGION III,"DE ALBAN,ATTORNEY ANGELO (IND)",380063
REGION III,"DE GUZMAN, KA LEODY (PLM)",619070
REGION III,"DELA ROSA, BATO (PDPLBN)",1716250
REGION III,"DORINGO, NANAY MIMI (MKBYN)",96733
REGION III,"ESCOBAL, ARNEL (PM)",75139
REGION III,"ESPIRITU, LUKE (PLM)",957715
REGION III,"FLORANDA, MODY PISTON (MKBYN)",63596
REGION III,"GAMBOA, MARC LOUIE (IND)",59234
REGION III,"GO, BONG GO    (PDPLBN)",2509247
REGION III,"GONZALES, NORBERTO (PDSP)",120701
REGION III,"HINLO, JAYVEE (PDPLBN)",314644
REGION III,"HONASAN, GRINGO (RP)",735707
REGION III,"JOSE, RELLY JR. (KBL)",49038
REGION III,"LACSON, PING (IND)",1989496
REGION III,"LAMBINO,  RAUL  (PDPLBN)",384823
REGION III,"LAPID, LITO (NPC)",2094944
REGION III,"LEE, MANOY WILBERT (AKSYON)",57077
REGION III,"LIDASAN, AMIRAH (MKBYN)",57827
REGION III,"MARCOLETA, RODANTE (IND)",1666814
REGION III,"MARCOS, IMEE R. (NP)",1521149
REGION III,"MARQUEZ, NORMAN (IND)",141359
REGION III,"MARTINEZ, ERIC (IND)",98011
REGION III,"MATA, DOC MARITES (IND)",315766
REGION III,"MATULA,  ATTY.  SONNY (WPP)",579056
REGION III,"MAZA, LIZA (MKBYN)",611726
REGION III,"MENDOZA, HEIDI (IND)",1310746
REGION III,"MONTEMAYOR,  JOEY  (IND)",76968
REGION III,"MUSTAPHA, SUBAIR (WPP)",27573
REGION III,"OLIVAR, JOSE JESSIE (IND)",42595
REGION III,"ONG, DOC WILLIE (AKSYON)",1000538
REGION III,"PACQUIAO, MANNY PACMAN (PFP)",1166318
REGION III,"PANGILINAN, KIKO (LP)",2140276
REGION III,"QUERUBIN,  ARIEL PORFIRIO (NP)",352056
REGION III,"QUIBOLOY, APOLLO (IND)",252539
REGION III,"RAMOS, DANILO (MKBYN)",661154
REGION III,"REVILLAME, WILLIE WIL (IND)",1048768
REGION III,"RODRIGUEZ, ATTY. VIC (IND)",554572
REGION III,"SAHIDULLA, NUR-ANA (IND)",31115
REGION III,"SALVADOR, PHILLIP IPE (PDPLBN)",611257
REGION III,"SOTTO, TITO (NPC)",2390782
REGION III,"TAPADO, MICHAEL BONGBONG (PM)",45190
REGION III,"TOLENTINO, FRANCIS TOL (PFP)",851972
REGION III,"TULFO, BEN BITAG (IND)",1695051
REGION III,"TULFO, ERWIN (LAKAS)",2140378
REGION III,"VALBUENA, MAR MANIBELA (IND)",75504
REGION III,"VERCELES, LEANDRO (IND)",27479
REGION III,"VILLAR, CAMILLE (NP)",1358240
REGION IV-A,"ABALOS, BENHUR (PFP)",1784714
REGION IV-A,"ADONIS, JEROME (MKBYN)",111445
REGION IV-A,"AMAD, WILSON (IND)",70512
REGION IV-A,"ANDAMO, NARS ALYN (MKBYN)",145808
REGION IV-A,"AQUINO, BAM (KNP)",3780801
REGION IV-A,"ARAMBULO, RONNEL (MKBYN)",921977
REGION IV-A,"ARELLANO, ERNESTO (KTPNAN)",116975
REGION IV-A,"BALLON, ROBERTO (IND)",501924
REGION IV-A,"BINAY, ABBY (NPC)",1790921
REGION IV-A,"BONDOC, JIMMY (PDPLBN)",875780
REGION IV-A,"BONG REVILLA,RAMON, JR.(LAKAS)",1898661
REGION IV-A,"BOSITA, COLONEL (IND)",2334609
REGION IV-A,"BROSAS, ARLENE (MKBYN)",1011697
REGION IV-A,"CABONEGRO, ROY (DPP)",44485
REGION IV-A,"CAPUYAN, ALLEN (PPP)",76436
REGION IV-A,"CASIÑO, TEDDY (MKBYN)",1088674
REGION IV-A,"CASTRO, TEACHER FRANCE (MKBYN)",768557
REGION IV-A,"CAYETANO, PIA (NP)",2266563
REGION IV-A,"D'ANGELO, DAVID (BUNYOG)",100489
REGION IV-A,"DE ALBAN,ATTORNEY ANGELO (IND)",531469
REGION IV-A,"DE GUZMAN, KA LEODY (PLM)",941296
REGION IV-A,"DELA ROSA, BATO (PDPLBN)",2075126
REGION IV-A,"DORINGO, NANAY MIMI (MKBYN)",120095
REGION IV-A,"ESCOBAL, ARNEL (PM)",94860
REGION IV-A,"ESPIRITU, LUKE (PLM)",1411293
REGION IV-A,"FLORANDA, MODY PISTON (MKBYN)",85292
REGION IV-A,"GAMBOA, MARC LOUIE (IND)",75544
REGION IV-A,"GO, BONG GO    (PDPLBN)",3000508
REGION IV-A,"GONZALES, NORBERTO (PDSP)",143433
REGION IV-A,"HINLO, JAYVEE (PDPLBN)",499405
REGION IV-A,"HONASAN, GRINGO (RP)",1042757
REGION IV-A,"JOSE, RELLY JR. (KBL)",55541
REGION IV-A,"LACSON, PING (IND)",2647467
REGION IV-A,"LAMBINO,  RAUL  (PDPLBN)",579759
REGION IV-A,"LAPID, LITO (NPC)",1806703
REGION IV-A,"LEE, MANOY WILBERT (AKSYON)",78125
REGION IV-A,"LIDASAN, AMIRAH (MKBYN)",85180
REGION IV-A,"MARCOLETA, RODANTE (IND)",1746538
REGION IV-A,"MARCOS, IMEE R. (NP)",1739692
REGION IV-A,"MARQUEZ, NORMAN (IND)",190672
REGION IV-A,"MARTINEZ, ERIC (IND)",111564
REGION IV-A,"MATA, DOC MARITES (IND)",494748
REGION IV-A,"MATULA,  ATTY.  SONNY (WPP)",879532
REGION IV-A,"MAZA, LIZA (MKBYN)",928011
REGION IV-A,"MENDOZA, HEIDI (IND)",2019225
REGION IV-A,"MONTEMAYOR,  JOEY  (IND)",92822
REGION IV-A,"MUSTAPHA, SUBAIR (WPP)",32321
REGION IV-A,"OLIVAR, JOSE JESSIE (IND)",54242
REGION IV-A,"ONG, DOC WILLIE (AKSYON)",1367241
REGION IV-A,"PACQUIAO, MANNY PACMAN (PFP)",1430998
REGION IV-A,"PANGILINAN, KIKO (LP)",2791812
REGION IV-A,"QUERUBIN,  ARIEL PORFIRIO (NP)",559539
REGION IV-A,"QUIBOLOY, APOLLO (IND)",363136
REGION IV-A,"RAMOS, DANILO (MKBYN)",926744
REGION IV-A,"REVILLAME, WILLIE WIL (IND)",1116799
REGION IV-A,"RODRIGUEZ, ATTY. VIC (IND)",775247
REGION IV-A,"SAHIDULLA, NUR-ANA (IND)",41361
REGION IV-A,"SALVADOR, PHILLIP IPE (PDPLBN)",772814
REGION IV-A,"SOTTO, TITO (NPC)",2547747
REGION IV-A,"TAPADO, MICHAEL BONGBONG (PM)",48316
REGION IV-A,"TOLENTINO, FRANCIS TOL (PFP)",1334522
REGION IV-A,"TULFO, BEN BITAG (IND)",1916735
REGION IV-A,"TULFO, ERWIN (LAKAS)",2582326
REGION IV-A,"VALBUENA, MAR MANIBELA (IND)",99710
REGION IV-A,"VERCELES, LEANDRO (IND)",39139
REGION IV-A,"VILLAR, CAMILLE (NP)",1525905
REGION IV-B,"ABALOS, BENHUR (PFP)",300823
REGION IV-B,"ADONIS, JEROME (MKBYN)",20267
REGION IV-B,"AMAD, WILSON (IND)",18122
REGION IV-B,"ANDAMO, NARS ALYN (MKBYN)",17136
REGION IV-B,"AQUINO, BAM (KNP)",585176
REGION IV-B,"ARAMBULO, RONNEL (MKBYN)",70648
REGION IV-B,"ARELLANO, ERNESTO (KTPNAN)",23951
REGION IV-B,"BALLON, ROBERTO (IND)",46475
REGION IV-B,"BINAY, ABBY (NPC)",393940
REGION IV-B,"BONDOC, JIMMY (PDPLBN)",120296
REGION IV-B,"BONG REVILLA,RAMON, JR.(LAKAS)",462836
REGION IV-B,"BOSITA, COLONEL (IND)",267151
REGION IV-B,"BROSAS, ARLENE (MKBYN)",78534
REGION IV-B,"CABONEGRO, ROY (DPP)",9487
REGION IV-B,"CAPUYAN, ALLEN (PPP)",22169
REGION IV-B,"CASIÑO, TEDDY (MKBYN)",83065
REGION IV-B,"CASTRO, TEACHER FRANCE (MKBYN)",81259
REGION IV-B,"CAYETANO, PIA (NP)",477949
REGION IV-B,"D'ANGELO, DAVID (BUNYOG)",15015
REGION IV-B,"DE ALBAN,ATTORNEY ANGELO (IND)",45518
REGION IV-B,"DE GUZMAN, KA LEODY (PLM)",89470
REGION IV-B,"DELA ROSA, BATO (PDPLBN)",410624
REGION IV-B,"DORINGO, NANAY MIMI (MKBYN)",18668
REGION IV-B,"ESCOBAL, ARNEL (PM)",18826
REGION IV-B,"ESPIRITU, LUKE (PLM)",140207
REGION IV-B,"FLORANDA, MODY PISTON (MKBYN)",14965
REGION IV-B,"GAMBOA, MARC LOUIE (IND)",13821
REGION IV-B,"GO, BONG GO    (PDPLBN)",660557
REGION IV-B,"GONZALES, NORBERTO (PDSP)",23562
REGION IV-B,"HINLO, JAYVEE (PDPLBN)",63689
REGION IV-B,"HONASAN, GRINGO (RP)",168745
REGION IV-B,"JOSE, RELLY JR. (KBL)",14734
REGION IV-B,"LACSON, PING (IND)",495227
REGION IV-B,"LAMBINO,  RAUL  (PDPLBN)",77815
REGION IV-B,"LAPID, LITO (NPC)",513209
REGION IV-B,"LEE, MANOY WILBERT (AKSYON)",14920
REGION IV-B,"LIDASAN, AMIRAH (MKBYN)",11747
REGION IV-B,"MARCOLETA, RODANTE (IND)",306722
REGION IV-B,"MARCOS, IMEE R. (NP)",331210
REGION IV-B,"MARQUEZ, NORMAN (IND)",25271
REGION IV-B,"MARTINEZ, ERIC (IND)",25423
REGION IV-B,"MATA, DOC MARITES (IND)",58136
REGION IV-B,"MATULA,  ATTY.  SONNY (WPP)",69088
REGION IV-B,"MAZA, LIZA (MKBYN)",69372
REGION IV-B,"MENDOZA, HEIDI (IND)",204981
REGION IV-B,"MONTEMAYOR,  JOEY  (IND)",17683
REGION IV-B,"MUSTAPHA, SUBAIR (WPP)",9287
REGION IV-B,"OLIVAR, JOSE JESSIE (IND)",12394
REGION IV-B,"ONG, DOC WILLIE (AKSYON)",205669
REGION IV-B,"PACQUIAO, MANNY PACMAN (PFP)",452952
REGION IV-B,"PANGILINAN, KIKO (LP)",455123
REGION IV-B,"QUERUBIN,  ARIEL PORFIRIO (NP)",93179
REGION IV-B,"QUIBOLOY, APOLLO (IND)",51291
REGION IV-B,"RAMOS, DANILO (MKBYN)",77062
REGION IV-B,"REVILLAME, WILLIE WIL (IND)",361890
REGION IV-B,"RODRIGUEZ, ATTY. VIC (IND)",109833
REGION IV-B,"SAHIDULLA, NUR-ANA (IND)",10265
REGION IV-B,"SALVADOR, PHILLIP IPE (PDPLBN)",185387
REGION IV-B,"SOTTO, TITO (NPC)",505162
REGION IV-B,"TAPADO, MICHAEL BONGBONG (PM)",15393
REGION IV-B,"TOLENTINO, FRANCIS TOL (PFP)",203205
REGION IV-B,"TULFO, BEN BITAG (IND)",463737
REGION IV-B,"TULFO, ERWIN (LAKAS)",679207
REGION IV-B,"VALBUENA, MAR MANIBELA (IND)",18694
REGION IV-B,"VERCELES, LEANDRO (IND)",6521
REGION IV-B,"VILLAR, CAMILLE (NP)",409048
REGION IX,"ABALOS, BENHUR (PFP)",377974
REGION IX,"ADONIS, JEROME (MKBYN)",28039
REGION IX,"AMAD, WILSON (IND)",30780
REGION IX,"ANDAMO, NARS ALYN (MKBYN)",22950
REGION IX,"AQUINO, BAM (KNP)",439884
REGION IX,"ARAMBULO, RONNEL (MKBYN)",47301
REGION IX,"ARELLANO, ERNESTO (KTPNAN)",27735
REGION IX,"BALLON, ROBERTO (IND)",49894
REGION IX,"BINAY, ABBY (NPC)",410510
REGION IX,"BONDOC, JIMMY (PDPLBN)",616138
REGION IX,"BONG REVILLA,RAMON, JR.(LAKAS)",528499
REGION IX,"BOSITA, COLONEL (IND)",152333
REGION IX,"BROSAS, ARLENE (MKBYN)",49762
REGION IX,"CABONEGRO, ROY (DPP)",19833
REGION IX,"CAPUYAN, ALLEN (PPP)",32733
REGION IX,"CASIÑO, TEDDY (MKBYN)",50774
REGION IX,"CASTRO, TEACHER FRANCE (MKBYN)",51467
REGION IX,"CAYETANO, PIA (NP)",522410
REGION IX,"D'ANGELO, DAVID (BUNYOG)",19366
REGION IX,"DE ALBAN,ATTORNEY ANGELO (IND)",48645
REGION IX,"DE GUZMAN, KA LEODY (PLM)",58123
REGION IX,"DELA ROSA, BATO (PDPLBN)",1160182
REGION IX,"DORINGO, NANAY MIMI (MKBYN)",24742
REGION IX,"ESCOBAL, ARNEL (PM)",25666
REGION IX,"ESPIRITU, LUKE (PLM)",81388
REGION IX,"FLORANDA, MODY PISTON (MKBYN)",18952
REGION IX,"GAMBOA, MARC LOUIE (IND)",22748
REGION IX,"GO, BONG GO    (PDPLBN)",1367978
REGION IX,"GONZALES, NORBERTO (PDSP)",34451
REGION IX,"HINLO, JAYVEE (PDPLBN)",448512
REGION IX,"HONASAN, GRINGO (RP)",174739
REGION IX,"JOSE, RELLY JR. (KBL)",22369
REGION IX,"LACSON, PING (IND)",450696
REGION IX,"LAMBINO,  RAUL  (PDPLBN)",505114
REGION IX,"LAPID, LITO (NPC)",488160
REGION IX,"LEE, MANOY WILBERT (AKSYON)",20402
REGION IX,"LIDASAN, AMIRAH (MKBYN)",20260
REGION IX,"MARCOLETA, RODANTE (IND)",767783
REGION IX,"MARCOS, IMEE R. (NP)",602599
REGION IX,"MARQUEZ, NORMAN (IND)",34755
REGION IX,"MARTINEZ, ERIC (IND)",35492
REGION IX,"MATA, DOC MARITES (IND)",295259
REGION IX,"MATULA,  ATTY.  SONNY (WPP)",52000
REGION IX,"MAZA, LIZA (MKBYN)",44766
REGION IX,"MENDOZA, HEIDI (IND)",111107
REGION IX,"MONTEMAYOR,  JOEY  (IND)",25054
REGION IX,"MUSTAPHA, SUBAIR (WPP)",22341
REGION IX,"OLIVAR, JOSE JESSIE (IND)",24417
REGION IX,"ONG, DOC WILLIE (AKSYON)",159542
REGION IX,"PACQUIAO, MANNY PACMAN (PFP)",388057
REGION IX,"PANGILINAN, KIKO (LP)",332969
REGION IX,"QUERUBIN,  ARIEL PORFIRIO (NP)",159729
REGION IX,"QUIBOLOY, APOLLO (IND)",392362
REGION IX,"RAMOS, DANILO (MKBYN)",55436
REGION IX,"REVILLAME, WILLIE WIL (IND)",314459
REGION IX,"RODRIGUEZ, ATTY. VIC (IND)",460722
REGION IX,"SAHIDULLA, NUR-ANA (IND)",81652
REGION IX,"SALVADOR, PHILLIP IPE (PDPLBN)",653549
REGION IX,"SOTTO, TITO (NPC)",401377
REGION IX,"TAPADO, MICHAEL BONGBONG (PM)",21812
REGION IX,"TOLENTINO, FRANCIS TOL (PFP)",315278
REGION IX,"TULFO, BEN BITAG (IND)",360648
REGION IX,"TULFO, ERWIN (LAKAS)",636992
REGION IX,"VALBUENA, MAR MANIBELA (IND)",20047
REGION IX,"VERCELES, LEANDRO (IND)",12148
REGION IX,"VILLAR, CAMILLE (NP)",555737
REGION V,"ABALOS, BENHUR (PFP)",679773
REGION V,"ADONIS, JEROME (MKBYN)",58030
REGION V,"AMAD, WILSON (IND)",40272
REGION V,"ANDAMO, NARS ALYN (MKBYN)",51616
REGION V,"AQUINO, BAM (KNP)",1596345
REGION V,"ARAMBULO, RONNEL (MKBYN)",244123
REGION V,"ARELLANO, ERNESTO (KTPNAN)",57816
REGION V,"BALLON, ROBERTO (IND)",146656
REGION V,"BINAY, ABBY (NPC)",750565
REGION V,"BONDOC, JIMMY (PDPLBN)",177491
REGION V,"BONG REVILLA,RAMON, JR.(LAKAS)",705361
REGION V,"BOSITA, COLONEL (IND)",512449
REGION V,"BROSAS, ARLENE (MKBYN)",279406
REGION V,"CABONEGRO, ROY (DPP)",25519
REGION V,"CAPUYAN, ALLEN (PPP)",42460
REGION V,"CASIÑO, TEDDY (MKBYN)",303205
REGION V,"CASTRO, TEACHER FRANCE (MKBYN)",269938
REGION V,"CAYETANO, PIA (NP)",889045
REGION V,"D'ANGELO, DAVID (BUNYOG)",42824
REGION V,"DE ALBAN,ATTORNEY ANGELO (IND)",129614
REGION V,"DE GUZMAN, KA LEODY (PLM)",285996
REGION V,"DELA ROSA, BATO (PDPLBN)",492895
REGION V,"DORINGO, NANAY MIMI (MKBYN)",51146
REGION V,"ESCOBAL, ARNEL (PM)",87470
REGION V,"ESPIRITU, LUKE (PLM)",495213
REGION V,"FLORANDA, MODY PISTON (MKBYN)",39168
REGION V,"GAMBOA, MARC LOUIE (IND)",39163
REGION V,"GO, BONG GO    (PDPLBN)",903576
REGION V,"GONZALES, NORBERTO (PDSP)",58739
REGION V,"HINLO, JAYVEE (PDPLBN)",98142
REGION V,"HONASAN, GRINGO (RP)",380412
REGION V,"JOSE, RELLY JR. (KBL)",37055
REGION V,"LACSON, PING (IND)",879759
REGION V,"LAMBINO,  RAUL  (PDPLBN)",108327
REGION V,"LAPID, LITO (NPC)",886567
REGION V,"LEE, MANOY WILBERT (AKSYON)",63737
REGION V,"LIDASAN, AMIRAH (MKBYN)",31564
REGION V,"MARCOLETA, RODANTE (IND)",382836
REGION V,"MARCOS, IMEE R. (NP)",443770
REGION V,"MARQUEZ, NORMAN (IND)",62871
REGION V,"MARTINEZ, ERIC (IND)",55012
REGION V,"MATA, DOC MARITES (IND)",100264
REGION V,"MATULA,  ATTY.  SONNY (WPP)",253938
REGION V,"MAZA, LIZA (MKBYN)",255688
REGION V,"MENDOZA, HEIDI (IND)",591670
REGION V,"MONTEMAYOR,  JOEY  (IND)",41359
REGION V,"MUSTAPHA, SUBAIR (WPP)",17608
REGION V,"OLIVAR, JOSE JESSIE (IND)",29921
REGION V,"ONG, DOC WILLIE (AKSYON)",373894
REGION V,"PACQUIAO, MANNY PACMAN (PFP)",630381
REGION V,"PANGILINAN, KIKO (LP)",1276284
REGION V,"QUERUBIN,  ARIEL PORFIRIO (NP)",169477
REGION V,"QUIBOLOY, APOLLO (IND)",78130
REGION V,"RAMOS, DANILO (MKBYN)",253656
REGION V,"REVILLAME, WILLIE WIL (IND)",521126
REGION V,"RODRIGUEZ, ATTY. VIC (IND)",191099
REGION V,"SAHIDULLA, NUR-ANA (IND)",18349
REGION V,"SALVADOR, PHILLIP IPE (PDPLBN)",226191
REGION V,"SOTTO, TITO (NPC)",915589
REGION V,"TAPADO, MICHAEL BONGBONG (PM)",31618
REGION V,"TOLENTINO, FRANCIS TOL (PFP)",470009
REGION V,"TULFO, BEN BITAG (IND)",785551
REGION V,"TULFO, ERWIN (LAKAS)",1088617
REGION V,"VALBUENA, MAR MANIBELA (IND)",37641
REGION V,"VERCELES, LEANDRO (IND)",42101
REGION V,"VILLAR, CAMILLE (NP)",668879
REGION VI,"ABALOS, BENHUR (PFP)",509431
REGION VI,"ADONIS, JEROME (MKBYN)",35715
REGION VI,"AMAD, WILSON (IND)",24321
REGION VI,"ANDAMO, NARS ALYN (MKBYN)",32081
REGION VI,"AQUINO, BAM (KNP)",1211866
REGION VI,"ARAMBULO, RONNEL (MKBYN)",137448
REGION VI,"ARELLANO, ERNESTO (KTPNAN)",38486
REGION VI,"BALLON, ROBERTO (IND)",88920
REGION VI,"BINAY, ABBY (NPC)",583362
REGION VI,"BONDOC, JIMMY (PDPLBN)",181971
REGION VI,"BONG REVILLA,RAMON, JR.(LAKAS)",615187
REGION VI,"BOSITA, COLONEL (IND)",337391
REGION VI,"BROSAS, ARLENE (MKBYN)",167627
REGION VI,"CABONEGRO, ROY (DPP)",15590
REGION VI,"CAPUYAN, ALLEN (PPP)",25753
REGION VI,"CASIÑO, TEDDY (MKBYN)",186987
REGION VI,"CASTRO, TEACHER FRANCE (MKBYN)",173085
REGION VI,"CAYETANO, PIA (NP)",728626
REGION VI,"D'ANGELO, DAVID (BUNYOG)",25071
REGION VI,"DE ALBAN,ATTORNEY ANGELO (IND)",79079
REGION VI,"DE GUZMAN, KA LEODY (PLM)",156543
REGION VI,"DELA ROSA, BATO (PDPLBN)",553907
REGION VI,"DORINGO, NANAY MIMI (MKBYN)",29283
REGION VI,"ESCOBAL, ARNEL (PM)",28906
REGION VI,"ESPIRITU, LUKE (PLM)",296167
REGION VI,"FLORANDA, MODY PISTON (MKBYN)",24973
REGION VI,"GAMBOA, MARC LOUIE (IND)",22024
REGION VI,"GO, BONG GO    (PDPLBN)",993179
REGION VI,"GONZALES, NORBERTO (PDSP)",39639
REGION VI,"HINLO, JAYVEE (PDPLBN)",108985
REGION VI,"HONASAN, GRINGO (RP)",238800
REGION VI,"JOSE, RELLY JR. (KBL)",23974
REGION VI,"LACSON, PING (IND)",721670
REGION VI,"LAMBINO,  RAUL  (PDPLBN)",118784
REGION VI,"LAPID, LITO (NPC)",734992
REGION VI,"LEE, MANOY WILBERT (AKSYON)",24115
REGION VI,"LIDASAN, AMIRAH (MKBYN)",18716
REGION VI,"MARCOLETA, RODANTE (IND)",363403
REGION VI,"MARCOS, IMEE R. (NP)",447385
REGION VI,"MARQUEZ, NORMAN (IND)",43036
REGION VI,"MARTINEZ, ERIC (IND)",34586
REGION VI,"MATA, DOC MARITES (IND)",99693
REGION VI,"MATULA,  ATTY.  SONNY (WPP)",138203
REGION VI,"MAZA, LIZA (MKBYN)",147405
REGION VI,"MENDOZA, HEIDI (IND)",369507
REGION VI,"MONTEMAYOR,  JOEY  (IND)",23916
REGION VI,"MUSTAPHA, SUBAIR (WPP)",11312
REGION VI,"OLIVAR, JOSE JESSIE (IND)",17593
REGION VI,"ONG, DOC WILLIE (AKSYON)",317394
REGION VI,"PACQUIAO, MANNY PACMAN (PFP)",620472
REGION VI,"PANGILINAN, KIKO (LP)",902245
REGION VI,"QUERUBIN,  ARIEL PORFIRIO (NP)",137642
REGION VI,"QUIBOLOY, APOLLO (IND)",86212
REGION VI,"RAMOS, DANILO (MKBYN)",149175
REGION VI,"REVILLAME, WILLIE WIL (IND)",477064
REGION VI,"RODRIGUEZ, ATTY. VIC (IND)",166550
REGION VI,"SAHIDULLA, NUR-ANA (IND)",12232
REGION VI,"SALVADOR, PHILLIP IPE (PDPLBN)",231896
REGION VI,"SOTTO, TITO (NPC)",732047
REGION VI,"TAPADO, MICHAEL BONGBONG (PM)",20646
REGION VI,"TOLENTINO, FRANCIS TOL (PFP)",373737
REGION VI,"TULFO, BEN BITAG (IND)",627333
REGION VI,"TULFO, ERWIN (LAKAS)",945061
REGION VI,"VALBUENA, MAR MANIBELA (IND)",23857
REGION VI,"VERCELES, LEANDRO (IND)",8935
REGION VI,"VILLAR, CAMILLE (NP)",640891
REGION VII,"ABALOS, BENHUR (PFP)",495772
REGION VII,"ADONIS, JEROME (MKBYN)",58687
REGION VII,"AMAD, WILSON (IND)",59266
REGION VII,"ANDAMO, NARS ALYN (MKBYN)",50270
REGION VII,"AQUINO, BAM (KNP)",1116038
REGION VII,"ARAMBULO, RONNEL (MKBYN)",158980
REGION VII,"ARELLANO, ERNESTO (KTPNAN)",63156
REGION VII,"BALLON, ROBERTO (IND)",123520
REGION VII,"BINAY, ABBY (NPC)",576327
REGION VII,"BONDOC, JIMMY (PDPLBN)",1328715
REGION VII,"BONG REVILLA,RAMON, JR.(LAKAS)",599884
REGION VII,"BOSITA, COLONEL (IND)",399596
REGION VII,"BROSAS, ARLENE (MKBYN)",181427
REGION VII,"CABONEGRO, ROY (DPP)",37454
REGION VII,"CAPUYAN, ALLEN (PPP)",61660
REGION VII,"CASIÑO, TEDDY (MKBYN)",184407
REGION VII,"CASTRO, TEACHER FRANCE (MKBYN)",169497
REGION VII,"CAYETANO, PIA (NP)",856817
REGION VII,"D'ANGELO, DAVID (BUNYOG)",41505
REGION VII,"DE ALBAN,ATTORNEY ANGELO (IND)",145350
REGION VII,"DE GUZMAN, KA LEODY (PLM)",175647
REGION VII,"DELA ROSA, BATO (PDPLBN)",2160321
REGION VII,"DORINGO, NANAY MIMI (MKBYN)",47588
REGION VII,"ESCOBAL, ARNEL (PM)",54729
REGION VII,"ESPIRITU, LUKE (PLM)",274077
REGION VII,"FLORANDA, MODY PISTON (MKBYN)",36500
REGION VII,"GAMBOA, MARC LOUIE (IND)",44936
REGION VII,"GO, BONG GO    (PDPLBN)",2419135
REGION VII,"GONZALES, NORBERTO (PDSP)",74811
REGION VII,"HINLO, JAYVEE (PDPLBN)",1044300
REGION VII,"HONASAN, GRINGO (RP)",426866
REGION VII,"JOSE, RELLY JR. (KBL)",33546
REGION VII,"LACSON, PING (IND)",726207
REGION VII,"LAMBINO,  RAUL  (PDPLBN)",1110317
REGION VII,"LAPID, LITO (NPC)",763905
REGION VII,"LEE, MANOY WILBERT (AKSYON)",45294
REGION VII,"LIDASAN, AMIRAH (MKBYN)",31638
REGION VII,"MARCOLETA, RODANTE (IND)",1244089
REGION VII,"MARCOS, IMEE R. (NP)",721690
REGION VII,"MARQUEZ, NORMAN (IND)",82425
REGION VII,"MARTINEZ, ERIC (IND)",82984
REGION VII,"MATA, DOC MARITES (IND)",670746
REGION VII,"MATULA,  ATTY.  SONNY (WPP)",182437
REGION VII,"MAZA, LIZA (MKBYN)",161100
REGION VII,"MENDOZA, HEIDI (IND)",357490
REGION VII,"MONTEMAYOR,  JOEY  (IND)",58735
REGION VII,"MUSTAPHA, SUBAIR (WPP)",19520
REGION VII,"OLIVAR, JOSE JESSIE (IND)",42370
REGION VII,"ONG, DOC WILLIE (AKSYON)",516786
REGION VII,"PACQUIAO, MANNY PACMAN (PFP)",714963
REGION VII,"PANGILINAN, KIKO (LP)",822106
REGION VII,"QUERUBIN,  ARIEL PORFIRIO (NP)",282872
REGION VII,"QUIBOLOY, APOLLO (IND)",649616
REGION VII,"RAMOS, DANILO (MKBYN)",179387
REGION VII,"REVILLAME, WILLIE WIL (IND)",608750
REGION VII,"RODRIGUEZ, ATTY. VIC (IND)",913327
REGION VII,"SAHIDULLA, NUR-ANA (IND)",30411
REGION VII,"SALVADOR, PHILLIP IPE (PDPLBN)",1187133
REGION VII,"SOTTO, TITO (NPC)",704379
REGION VII,"TAPADO, MICHAEL BONGBONG (PM)",35397
REGION VII,"TOLENTINO, FRANCIS TOL (PFP)",442079
REGION VII,"TULFO, BEN BITAG (IND)",638993
REGION VII,"TULFO, ERWIN (LAKAS)",974594
REGION VII,"VALBUENA, MAR MANIBELA (IND)",42036
REGION VII,"VERCELES, LEANDRO (IND)",22934
REGION VII,"VILLAR, CAMILLE (NP)",1217795
REGION VIII,"ABALOS, BENHUR (PFP)",704601
REGION VIII,"ADONIS, JEROME (MKBYN)",36683
REGION VIII,"AMAD, WILSON (IND)",30768
REGION VIII,"ANDAMO, NARS ALYN (MKBYN)",29467
REGION VIII,"AQUINO, BAM (KNP)",759319
REGION VIII,"ARAMBULO, RONNEL (MKBYN)",84447
REGION VIII,"ARELLANO, ERNESTO (KTPNAN)",33801
REGION VIII,"BALLON, ROBERTO (IND)",65315
REGION VIII,"BINAY, ABBY (NPC)",698469
REGION VIII,"BONDOC, JIMMY (PDPLBN)",427912
REGION VIII,"BONG REVILLA,RAMON, JR.(LAKAS)",658473
REGION VIII,"BOSITA, COLONEL (IND)",276467
REGION VIII,"BROSAS, ARLENE (MKBYN)",94910
REGION VIII,"CABONEGRO, ROY (DPP)",18348
REGION VIII,"CAPUYAN, ALLEN (PPP)",27446
REGION VIII,"CASIÑO, TEDDY (MKBYN)",95631
REGION VIII,"CASTRO, TEACHER FRANCE (MKBYN)",88462
REGION VIII,"CAYETANO, PIA (NP)",664812
REGION VIII,"D'ANGELO, DAVID (BUNYOG)",21764
REGION VIII,"DE ALBAN,ATTORNEY ANGELO (IND)",65600
REGION VIII,"DE GUZMAN, KA LEODY (PLM)",99969
REGION VIII,"DELA ROSA, BATO (PDPLBN)",852938
REGION VIII,"DORINGO, NANAY MIMI (MKBYN)",25176
REGION VIII,"ESCOBAL, ARNEL (PM)",28907
REGION VIII,"ESPIRITU, LUKE (PLM)",170918
REGION VIII,"FLORANDA, MODY PISTON (MKBYN)",19878
REGION VIII,"GAMBOA, MARC LOUIE (IND)",20796
REGION VIII,"GO, BONG GO    (PDPLBN)",1337415
REGION VIII,"GONZALES, NORBERTO (PDSP)",37506
REGION VIII,"HINLO, JAYVEE (PDPLBN)",300671
REGION VIII,"HONASAN, GRINGO (RP)",197613
REGION VIII,"JOSE, RELLY JR. (KBL)",20005
REGION VIII,"LACSON, PING (IND)",719569
REGION VIII,"LAMBINO,  RAUL  (PDPLBN)",326058
REGION VIII,"LAPID, LITO (NPC)",739121
REGION VIII,"LEE, MANOY WILBERT (AKSYON)",22188
REGION VIII,"LIDASAN, AMIRAH (MKBYN)",15537
REGION VIII,"MARCOLETA, RODANTE (IND)",540220
REGION VIII,"MARCOS, IMEE R. (NP)",724425
REGION VIII,"MARQUEZ, NORMAN (IND)",37867
REGION VIII,"MARTINEZ, ERIC (IND)",38215
REGION VIII,"MATA, DOC MARITES (IND)",214516
REGION VIII,"MATULA,  ATTY.  SONNY (WPP)",83597
REGION VIII,"MAZA, LIZA (MKBYN)",82510
REGION VIII,"MENDOZA, HEIDI (IND)",242049
REGION VIII,"MONTEMAYOR,  JOEY  (IND)",22164
REGION VIII,"MUSTAPHA, SUBAIR (WPP)",23245
REGION VIII,"OLIVAR, JOSE JESSIE (IND)",19229
REGION VIII,"ONG, DOC WILLIE (AKSYON)",261931
REGION VIII,"PACQUIAO, MANNY PACMAN (PFP)",409424
REGION VIII,"PANGILINAN, KIKO (LP)",660255
REGION VIII,"QUERUBIN,  ARIEL PORFIRIO (NP)",156883
REGION VIII,"QUIBOLOY, APOLLO (IND)",210627
REGION VIII,"RAMOS, DANILO (MKBYN)",90070
REGION VIII,"REVILLAME, WILLIE WIL (IND)",359456
REGION VIII,"RODRIGUEZ, ATTY. VIC (IND)",353558
REGION VIII,"SAHIDULLA, NUR-ANA (IND)",13374
REGION VIII,"SALVADOR, PHILLIP IPE (PDPLBN)",399096
REGION VIII,"SOTTO, TITO (NPC)",569630
REGION VIII,"TAPADO, MICHAEL BONGBONG (PM)",22631
REGION VIII,"TOLENTINO, FRANCIS TOL (PFP)",436616
REGION VIII,"TULFO, BEN BITAG (IND)",474601
REGION VIII,"TULFO, ERWIN (LAKAS)",827521
REGION VIII,"VALBUENA, MAR MANIBELA (IND)",21652
REGION VIII,"VERCELES, LEANDRO (IND)",10705
REGION VIII,"VILLAR, CAMILLE (NP)",749140
REGION X,"ABALOS, BENHUR (PFP)",449743
REGION X,"ADONIS, JEROME (MKBYN)",33206
REGION X,"AMAD, WILSON (IND)",32617
REGION X,"ANDAMO, NARS ALYN (MKBYN)",25622
REGION X,"AQUINO, BAM (KNP)",630976
REGION X,"ARAMBULO, RONNEL (MKBYN)",61194
REGION X,"ARELLANO, ERNESTO (KTPNAN)",31091
REGION X,"BALLON, ROBERTO (IND)",53362
REGION X,"BINAY, ABBY (NPC)",444425
REGION X,"BONDOC, JIMMY (PDPLBN)",970723
REGION X,"BONG REVILLA,RAMON, JR.(LAKAS)",544717
REGION X,"BOSITA, COLONEL (IND)",213606
REGION X,"BROSAS, ARLENE (MKBYN)",65263
REGION X,"CABONEGRO, ROY (DPP)",20392
REGION X,"CAPUYAN, ALLEN (PPP)",59422
REGION X,"CASIÑO, TEDDY (MKBYN)",77842
REGION X,"CASTRO, TEACHER FRANCE (MKBYN)",59685
REGION X,"CAYETANO, PIA (NP)",606344
REGION X,"D'ANGELO, DAVID (BUNYOG)",23143
REGION X,"DE ALBAN,ATTORNEY ANGELO (IND)",63617
REGION X,"DE GUZMAN, KA LEODY (PLM)",70141
REGION X,"DELA ROSA, BATO (PDPLBN)",1655052
REGION X,"DORINGO, NANAY MIMI (MKBYN)",24039
REGION X,"ESCOBAL, ARNEL (PM)",27487
REGION X,"ESPIRITU, LUKE (PLM)",111876
REGION X,"FLORANDA, MODY PISTON (MKBYN)",19075
REGION X,"GAMBOA, MARC LOUIE (IND)",26542
REGION X,"GO, BONG GO    (PDPLBN)",1908254
REGION X,"GONZALES, NORBERTO (PDSP)",41559
REGION X,"HINLO, JAYVEE (PDPLBN)",757273
REGION X,"HONASAN, GRINGO (RP)",295449
REGION X,"JOSE, RELLY JR. (KBL)",21195
REGION X,"LACSON, PING (IND)",509933
REGION X,"LAMBINO,  RAUL  (PDPLBN)",808045
REGION X,"LAPID, LITO (NPC)",588986
REGION X,"LEE, MANOY WILBERT (AKSYON)",24430
REGION X,"LIDASAN, AMIRAH (MKBYN)",18557
REGION X,"MARCOLETA, RODANTE (IND)",1079389
REGION X,"MARCOS, IMEE R. (NP)",716230
REGION X,"MARQUEZ, NORMAN (IND)",46961
REGION X,"MARTINEZ, ERIC (IND)",40204
REGION X,"MATA, DOC MARITES (IND)",527715
REGION X,"MATULA,  ATTY.  SONNY (WPP)",68440
REGION X,"MAZA, LIZA (MKBYN)",56917
REGION X,"MENDOZA, HEIDI (IND)",157155
REGION X,"MONTEMAYOR,  JOEY  (IND)",30122
REGION X,"MUSTAPHA, SUBAIR (WPP)",22914
REGION X,"OLIVAR, JOSE JESSIE (IND)",23354
REGION X,"ONG, DOC WILLIE (AKSYON)",216861
REGION X,"PACQUIAO, MANNY PACMAN (PFP)",446231
REGION X,"PANGILINAN, KIKO (LP)",335698
REGION X,"QUERUBIN,  ARIEL PORFIRIO (NP)",234404
REGION X,"QUIBOLOY, APOLLO (IND)",571212
REGION X,"RAMOS, DANILO (MKBYN)",72507
REGION X,"REVILLAME, WILLIE WIL (IND)",365446
REGION X,"RODRIGUEZ, ATTY. VIC (IND)",759368
REGION X,"SAHIDULLA, NUR-ANA (IND)",21630
REGION X,"SALVADOR, PHILLIP IPE (PDPLBN)",938139
REGION X,"SOTTO, TITO (NPC)",512224
REGION X,"TAPADO, MICHAEL BONGBONG (PM)",23668
REGION X,"TOLENTINO, FRANCIS TOL (PFP)",398495
REGION X,"TULFO, BEN BITAG (IND)",297901
REGION X,"TULFO, ERWIN (LAKAS)",583961
REGION X,"VALBUENA, MAR MANIBELA (IND)",21945
REGION X,"VERCELES, LEANDRO (IND)",20610
REGION X,"VILLAR, CAMILLE (NP)",917979
REGION XI,"ABALOS, BENHUR (PFP)",151183
REGION XI,"ADONIS, JEROME (MKBYN)",29419
REGION XI,"AMAD, WILSON (IND)",31919
REGION XI,"ANDAMO, NARS ALYN (MKBYN)",22800
REGION XI,"AQUINO, BAM (KNP)",353301
REGION XI,"ARAMBULO, RONNEL (MKBYN)",43895
REGION XI,"ARELLANO, ERNESTO (KTPNAN)",30590
REGION XI,"BALLON, ROBERTO (IND)",43218
REGION XI,"BINAY, ABBY (NPC)",235417
REGION XI,"BONDOC, JIMMY (PDPLBN)",1502582
REGION XI,"BONG REVILLA,RAMON, JR.(LAKAS)",360629
REGION XI,"BOSITA, COLONEL (IND)",217037
REGION XI,"BROSAS, ARLENE (MKBYN)",43978
REGION XI,"CABONEGRO, ROY (DPP)",19700
REGION XI,"CAPUYAN, ALLEN (PPP)",88181
REGION XI,"CASIÑO, TEDDY (MKBYN)",46712
REGION XI,"CASTRO, TEACHER FRANCE (MKBYN)",49133
REGION XI,"CAYETANO, PIA (NP)",440733
REGION XI,"D'ANGELO, DAVID (BUNYOG)",19849
REGION XI,"DE ALBAN,ATTORNEY ANGELO (IND)",54641
REGION XI,"DE GUZMAN, KA LEODY (PLM)",52140
REGION XI,"DELA ROSA, BATO (PDPLBN)",2116616
REGION XI,"DORINGO, NANAY MIMI (MKBYN)",22920
REGION XI,"ESCOBAL, ARNEL (PM)",31047
REGION XI,"ESPIRITU, LUKE (PLM)",68199
REGION XI,"FLORANDA, MODY PISTON (MKBYN)",18800
REGION XI,"GAMBOA, MARC LOUIE (IND)",25083
REGION XI,"GO, BONG GO    (PDPLBN)",2144735
REGION XI,"GONZALES, NORBERTO (PDSP)",45197
REGION XI,"HINLO, JAYVEE (PDPLBN)",1249243
REGION XI,"HONASAN, GRINGO (RP)",436362
REGION XI,"JOSE, RELLY JR. (KBL)",18377
REGION XI,"LACSON, PING (IND)",288478
REGION XI,"LAMBINO,  RAUL  (PDPLBN)",1285230
REGION XI,"LAPID, LITO (NPC)",386644
REGION XI,"LEE, MANOY WILBERT (AKSYON)",19963
REGION XI,"LIDASAN, AMIRAH (MKBYN)",16175
REGION XI,"MARCOLETA, RODANTE (IND)",1533201
REGION XI,"MARCOS, IMEE R. (NP)",530249
REGION XI,"MARQUEZ, NORMAN (IND)",42426
REGION XI,"MARTINEZ, ERIC (IND)",38932
REGION XI,"MATA, DOC MARITES (IND)",1028830
REGION XI,"MATULA,  ATTY.  SONNY (WPP)",49551
REGION XI,"MAZA, LIZA (MKBYN)",41719
REGION XI,"MENDOZA, HEIDI (IND)",102969
REGION XI,"MONTEMAYOR,  JOEY  (IND)",29991
REGION XI,"MUSTAPHA, SUBAIR (WPP)",16020
REGION XI,"OLIVAR, JOSE JESSIE (IND)",22353
REGION XI,"ONG, DOC WILLIE (AKSYON)",223980
REGION XI,"PACQUIAO, MANNY PACMAN (PFP)",288662
REGION XI,"PANGILINAN, KIKO (LP)",201973
REGION XI,"QUERUBIN,  ARIEL PORFIRIO (NP)",268978
REGION XI,"QUIBOLOY, APOLLO (IND)",1159587
REGION XI,"RAMOS, DANILO (MKBYN)",54567
REGION XI,"REVILLAME, WILLIE WIL (IND)",432542
REGION XI,"RODRIGUEZ, ATTY. VIC (IND)",1140832
REGION XI,"SAHIDULLA, NUR-ANA (IND)",27718
REGION XI,"SALVADOR, PHILLIP IPE (PDPLBN)",1468545
REGION XI,"SOTTO, TITO (NPC)",252418
REGION XI,"TAPADO, MICHAEL BONGBONG (PM)",23445
REGION XI,"TOLENTINO, FRANCIS TOL (PFP)",149215
REGION XI,"TULFO, BEN BITAG (IND)",255217
REGION XI,"TULFO, ERWIN (LAKAS)",379128
REGION XI,"VALBUENA, MAR MANIBELA (IND)",22210
REGION XI,"VERCELES, LEANDRO (IND)",13268
REGION XI,"VILLAR, CAMILLE (NP)",819174
REGION XII,"ABALOS, BENHUR (PFP)",274959
REGION XII,"ADONIS, JEROME (MKBYN)",24862
REGION XII,"AMAD, WILSON (IND)",25751
REGION XII,"ANDAMO, NARS ALYN (MKBYN)",21001
REGION XII,"AQUINO, BAM (KNP)",480203
REGION XII,"ARAMBULO, RONNEL (MKBYN)",49288
REGION XII,"ARELLANO, ERNESTO (KTPNAN)",27026
REGION XII,"BALLON, ROBERTO (IND)",40026
REGION XII,"BINAY, ABBY (NPC)",291258
REGION XII,"BONDOC, JIMMY (PDPLBN)",752630
REGION XII,"BONG REVILLA,RAMON, JR.(LAKAS)",448783
REGION XII,"BOSITA, COLONEL (IND)",241829
REGION XII,"BROSAS, ARLENE (MKBYN)",50934
REGION XII,"CABONEGRO, ROY (DPP)",16834
REGION XII,"CAPUYAN, ALLEN (PPP)",48687
REGION XII,"CASIÑO, TEDDY (MKBYN)",55445
REGION XII,"CASTRO, TEACHER FRANCE (MKBYN)",52366
REGION XII,"CAYETANO, PIA (NP)",437088
REGION XII,"D'ANGELO, DAVID (BUNYOG)",17940
REGION XII,"DE ALBAN,ATTORNEY ANGELO (IND)",49258
REGION XII,"DE GUZMAN, KA LEODY (PLM)",56910
REGION XII,"DELA ROSA, BATO (PDPLBN)",1396278
REGION XII,"DORINGO, NANAY MIMI (MKBYN)",22795
REGION XII,"ESCOBAL, ARNEL (PM)",27672
REGION XII,"ESPIRITU, LUKE (PLM)",83287
REGION XII,"FLORANDA, MODY PISTON (MKBYN)",17232
REGION XII,"GAMBOA, MARC LOUIE (IND)",22371
REGION XII,"GO, BONG GO    (PDPLBN)",1507082
REGION XII,"GONZALES, NORBERTO (PDSP)",36561
REGION XII,"HINLO, JAYVEE (PDPLBN)",561622
REGION XII,"HONASAN, GRINGO (RP)",292296
REGION XII,"JOSE, RELLY JR. (KBL)",18373
REGION XII,"LACSON, PING (IND)",406233
REGION XII,"LAMBINO,  RAUL  (PDPLBN)",606386
REGION XII,"LAPID, LITO (NPC)",489594
REGION XII,"LEE, MANOY WILBERT (AKSYON)",19241
REGION XII,"LIDASAN, AMIRAH (MKBYN)",26978
REGION XII,"MARCOLETA, RODANTE (IND)",928935
REGION XII,"MARCOS, IMEE R. (NP)",487550
REGION XII,"MARQUEZ, NORMAN (IND)",34461
REGION XII,"MARTINEZ, ERIC (IND)",39639
REGION XII,"MATA, DOC MARITES (IND)",396053
REGION XII,"MATULA,  ATTY.  SONNY (WPP)",54135
REGION XII,"MAZA, LIZA (MKBYN)",47442
REGION XII,"MENDOZA, HEIDI (IND)",129122
REGION XII,"MONTEMAYOR,  JOEY  (IND)",23146
REGION XII,"MUSTAPHA, SUBAIR (WPP)",23204
REGION XII,"OLIVAR, JOSE JESSIE (IND)",17851
REGION XII,"ONG, DOC WILLIE (AKSYON)",179107
REGION XII,"PACQUIAO, MANNY PACMAN (PFP)",575161
REGION XII,"PANGILINAN, KIKO (LP)",303771
REGION XII,"QUERUBIN,  ARIEL PORFIRIO (NP)",154011
REGION XII,"QUIBOLOY, APOLLO (IND)",402703
REGION XII,"RAMOS, DANILO (MKBYN)",61489
REGION XII,"REVILLAME, WILLIE WIL (IND)",421194
REGION XII,"RODRIGUEZ, ATTY. VIC (IND)",532003
REGION XII,"SAHIDULLA, NUR-ANA (IND)",25872
REGION XII,"SALVADOR, PHILLIP IPE (PDPLBN)",778383
REGION XII,"SOTTO, TITO (NPC)",321073
REGION XII,"TAPADO, MICHAEL BONGBONG (PM)",23240
REGION XII,"TOLENTINO, FRANCIS TOL (PFP)",199212
REGION XII,"TULFO, BEN BITAG (IND)",333954
REGION XII,"TULFO, ERWIN (LAKAS)",512641
REGION XII,"VALBUENA, MAR MANIBELA (IND)",21594
REGION XII,"VERCELES, LEANDRO (IND)",9848
REGION XII,"VILLAR, CAMILLE (NP)",577231
REGION XIII,"ABALOS, BENHUR (PFP)",178943
REGION XIII,"ADONIS, JEROME (MKBYN)",19264
REGION XIII,"AMAD, WILSON (IND)",19651
REGION XIII,"ANDAMO, NARS ALYN (MKBYN)",14956
REGION XIII,"AQUINO, BAM (KNP)",357811
REGION XIII,"ARAMBULO, RONNEL (MKBYN)",32441
REGION XIII,"ARELLANO, ERNESTO (KTPNAN)",18678
REGION XIII,"BALLON, ROBERTO (IND)",29123
REGION XIII,"BINAY, ABBY (NPC)",181886
REGION XIII,"BONDOC, JIMMY (PDPLBN)",677254
REGION XIII,"BONG REVILLA,RAMON, JR.(LAKAS)",299270
REGION XIII,"BOSITA, COLONEL (IND)",124686
REGION XIII,"BROSAS, ARLENE (MKBYN)",32797
REGION XIII,"CABONEGRO, ROY (DPP)",13668
REGION XIII,"CAPUYAN, ALLEN (PPP)",39229
REGION XIII,"CASIÑO, TEDDY (MKBYN)",38142
REGION XIII,"CASTRO, TEACHER FRANCE (MKBYN)",35820
REGION XIII,"CAYETANO, PIA (NP)",282085
REGION XIII,"D'ANGELO, DAVID (BUNYOG)",11933
REGION XIII,"DE ALBAN,ATTORNEY ANGELO (IND)",34705
REGION XIII,"DE GUZMAN, KA LEODY (PLM)",36480
REGION XIII,"DELA ROSA, BATO (PDPLBN)",1044960
REGION XIII,"DORINGO, NANAY MIMI (MKBYN)",15742
REGION XIII,"ESCOBAL, ARNEL (PM)",19279
REGION XIII,"ESPIRITU, LUKE (PLM)",56525
REGION XIII,"FLORANDA, MODY PISTON (MKBYN)",11149
REGION XIII,"GAMBOA, MARC LOUIE (IND)",14505
REGION XIII,"GO, BONG GO    (PDPLBN)",1105760
REGION XIII,"GONZALES, NORBERTO (PDSP)",25964
REGION XIII,"HINLO, JAYVEE (PDPLBN)",509103
REGION XIII,"HONASAN, GRINGO (RP)",192295
REGION XIII,"JOSE, RELLY JR. (KBL)",12050
REGION XIII,"LACSON, PING (IND)",215147
REGION XIII,"LAMBINO,  RAUL  (PDPLBN)",536490
REGION XIII,"LAPID, LITO (NPC)",235688
REGION XIII,"LEE, MANOY WILBERT (AKSYON)",13902
REGION XIII,"LIDASAN, AMIRAH (MKBYN)",9480
REGION XIII,"MARCOLETA, RODANTE (IND)",676946
REGION XIII,"MARCOS, IMEE R. (NP)",357552
REGION XIII,"MARQUEZ, NORMAN (IND)",24618
REGION XIII,"MARTINEZ, ERIC (IND)",24140
REGION XIII,"MATA, DOC MARITES (IND)",325927
REGION XIII,"MATULA,  ATTY.  SONNY (WPP)",47466
REGION XIII,"MAZA, LIZA (MKBYN)",30756
REGION XIII,"MENDOZA, HEIDI (IND)",80509
REGION XIII,"MONTEMAYOR,  JOEY  (IND)",17915
REGION XIII,"MUSTAPHA, SUBAIR (WPP)",7616
REGION XIII,"OLIVAR, JOSE JESSIE (IND)",14968
REGION XIII,"ONG, DOC WILLIE (AKSYON)",126817
REGION XIII,"PACQUIAO, MANNY PACMAN (PFP)",204374
REGION XIII,"PANGILINAN, KIKO (LP)",215560
REGION XIII,"QUERUBIN,  ARIEL PORFIRIO (NP)",105425
REGION XIII,"QUIBOLOY, APOLLO (IND)",374075
REGION XIII,"RAMOS, DANILO (MKBYN)",36965
REGION XIII,"REVILLAME, WILLIE WIL (IND)",225932
REGION XIII,"RODRIGUEZ, ATTY. VIC (IND)",429636
REGION XIII,"SAHIDULLA, NUR-ANA (IND)",10888
REGION XIII,"SALVADOR, PHILLIP IPE (PDPLBN)",644468
REGION XIII,"SOTTO, TITO (NPC)",200259
REGION XIII,"TAPADO, MICHAEL BONGBONG (PM)",14125
REGION XIII,"TOLENTINO, FRANCIS TOL (PFP)",166123
REGION XIII,"TULFO, BEN BITAG (IND)",215738
REGION XIII,"TULFO, ERWIN (LAKAS)",311784
REGION XIII,"VALBUENA, MAR MANIBELA (IND)",13548
REGION XIII,"VERCELES, LEANDRO (IND)",8528
REGION XIII,"VILLAR, CAMILLE (NP)",433525
